participant,segment,ISC_corrca,ISC_c1,ISC_c2,ISC_c3
P01,0,0.11023285984992981,0.01581806316971779,0.1492256373167038,0.16565488278865814
P02,0,0.05489639565348625,0.08804095536470413,-0.02114626206457615,0.09779448062181473
P03,0,-0.018830424174666405,0.025657037273049355,-0.025066038593649864,-0.057082273066043854
P04,0,-0.08335411548614502,0.09389454871416092,-0.13407279551029205,-0.20988409221172333
P05,0,0.19762210547924042,0.28031763434410095,0.3478552997112274,-0.03530662879347801
P06,0,-0.09717021137475967,0.012803049758076668,-0.2264709770679474,-0.07784270495176315
P07,0,-0.1447712928056717,-0.05278295651078224,-0.0016271829372271895,-0.37990376353263855
P08,0,0.041115593165159225,-0.06717570871114731,0.06688930094242096,0.12363319098949432
P09,0,-0.04005539044737816,-0.18338543176651,-0.02151343785226345,0.08473269641399384
P01,1,0.07071161270141602,0.2536824941635132,-0.1692819893360138,0.12773433327674866
P02,1,-0.14517056941986084,-0.013359490782022476,-0.29125872254371643,-0.13089348375797272
P03,1,0.06480307132005692,0.3199773132801056,0.09154299646615982,-0.21711109578609467
P04,1,0.23987893760204315,0.21065476536750793,0.049940187484025955,0.45904186367988586
P05,1,0.14083676040172577,0.14591223001480103,0.10012967884540558,0.1764683723449707
P06,1,0.005155513528734446,0.0873691737651825,0.07752920687198639,-0.14943183958530426
P07,1,0.1468385010957718,0.19967396557331085,-0.18783842027187347,0.4286799430847168
P08,1,0.14954423904418945,0.4729733169078827,-0.25380009412765503,0.2294595092535019
P09,1,0.041265908628702164,0.19962233304977417,-0.08808708935976028,0.012262475676834583
P01,2,0.11332368105649948,0.08313639461994171,0.08841045945882797,0.16842418909072876
P02,2,0.17829525470733643,0.23365755379199982,0.09318070858716965,0.2080475240945816
P03,2,0.09064128249883652,0.20943096280097961,0.06279979646205902,-0.00030690032872371376
P04,2,0.011029387824237347,-0.07819072157144547,0.2381906807422638,-0.12691180408000946
P05,2,0.040934834629297256,-0.045269742608070374,0.11065163463354111,0.05742261931300163
P06,2,0.00537825608626008,0.2640365958213806,-0.06235867366194725,-0.18554314970970154
P07,2,0.0004990125889889896,0.07537852972745895,0.00581315765157342,-0.07969465106725693
P08,2,0.34681272506713867,0.4176163971424103,0.2774422764778137,0.345379501581192
P09,2,0.03505899757146835,0.07874321192502975,-0.1578764021396637,0.184310182929039
P01,3,0.24906031787395477,0.20200662314891815,0.4580463469028473,0.08712795376777649
P02,3,0.15225785970687866,0.05656026303768158,0.13686028122901917,0.26335304975509644
P03,3,0.12916427850723267,0.03099660947918892,0.26055818796157837,0.09593803435564041
P04,3,0.26453205943107605,0.449332594871521,0.23937927186489105,0.10488434135913849
P05,3,0.2562699019908905,0.4568432867527008,0.14486145973205566,0.16710494458675385
P06,3,-0.02175161801278591,0.22784139215946198,-0.1610220968723297,-0.13207414746284485
P07,3,0.15435479581356049,0.38938114047050476,0.12793536484241486,-0.05425213277339935
P08,3,0.16036835312843323,0.029023809358477592,0.3666287660598755,0.08545248955488205
P09,3,0.2853350341320038,0.33587774634361267,0.39993375539779663,0.12019367516040802
P01,4,0.05208494886755943,0.08073387295007706,0.28343042731285095,-0.2079094499349594
P02,4,0.14894787967205048,0.3576709032058716,0.008871141821146011,0.08030159026384354
P03,4,0.0021854762453585863,0.35320785641670227,-0.22255592048168182,-0.12409550696611404
P04,4,0.17224420607089996,0.1837274581193924,0.23664842545986176,0.09635674953460693
P05,4,0.06070654094219208,0.23929119110107422,0.04724637791514397,-0.10441793501377106
P06,4,0.07944689691066742,0.5357164740562439,-0.0819934532046318,-0.21538232266902924
P07,4,-0.04658270254731178,0.36615198850631714,-0.26655375957489014,-0.23934634029865265
P08,4,0.2600324749946594,0.2735876441001892,0.2531442940235138,0.2533654570579529
P09,4,0.21945394575595856,0.5304116010665894,0.19029782712459564,-0.06234760209918022
P01,5,0.034306563436985016,0.06453966349363327,-0.14346076548099518,0.18184079229831696
P02,5,0.15039704740047455,0.39750754833221436,0.0026116848457604647,0.05107192322611809
P03,5,0.20577478408813477,0.18797926604747772,0.26515594124794006,0.16418913006782532
P04,5,0.254533976316452,0.26396074891090393,0.3704054653644562,0.1292356550693512
P05,5,0.181375190615654,0.20934820175170898,0.30702847242355347,0.027748901396989822
P06,5,0.052340131253004074,0.023896148428320885,0.25607770681381226,-0.12295348197221756
P07,5,0.10155090689659119,0.3207126557826996,0.15773995220661163,-0.17379990220069885
P08,5,0.13198420405387878,0.3227587938308716,0.11326079815626144,-0.040066976100206375
P09,5,0.1766102910041809,0.07202747464179993,0.2163984328508377,0.2414049655199051
P01,6,0.23057956993579865,0.4520900845527649,0.1604757010936737,0.07917297631502151
P02,6,0.1762748509645462,0.16224631667137146,0.13492417335510254,0.2316541075706482
P03,6,0.1859240084886551,0.16299031674861908,0.13531894981861115,0.25946274399757385
P04,6,0.334942102432251,0.5480651259422302,0.26101329922676086,0.19574791193008423
P05,6,0.280226469039917,0.5113969445228577,0.1131913959980011,0.2160910665988922
P06,6,0.22057555615901947,0.3686096966266632,0.11375453323125839,0.1793624311685562
P07,6,0.33082592487335205,0.48004868626594543,0.10556141287088394,0.4068676829338074
P08,6,0.2114829570055008,0.35194987058639526,0.1912573128938675,0.09124169498682022
P09,6,0.15477314591407776,0.2748223543167114,-0.022265318781137466,0.21176239848136902
P01,7,-0.06586553901433945,0.24661336839199066,-0.21263103187084198,-0.23157896101474762
P02,7,0.11918660998344421,0.24990391731262207,0.12239789962768555,-0.014741976745426655
P03,7,0.057751793414354324,0.2571853995323181,0.17346325516700745,-0.2573932707309723
P04,7,0.15389961004257202,0.026430971920490265,0.259012907743454,0.17625495791435242
P05,7,0.04054967686533928,0.19637052714824677,0.012126193381845951,-0.086847685277462
P06,7,0.13565242290496826,0.2759060561656952,0.04106491431593895,0.08998628705739975
P07,7,0.1664307862520218,0.392868310213089,-0.10444715619087219,0.21087121963500977
P08,7,0.2519327402114868,0.41961541771888733,0.2513665556907654,0.08481620252132416
P09,7,0.12953265011310577,0.20255398750305176,0.29841530323028564,-0.11237132549285889
P01,8,0.09729421138763428,0.10309575498104095,0.21859337389469147,-0.02980649098753929
P02,8,0.05603763461112976,0.2730909287929535,0.15713898837566376,-0.2621169984340668
P03,8,0.1195809468626976,0.02215026132762432,0.06662320345640182,0.2699693739414215
P04,8,0.20208249986171722,0.3525194823741913,-0.051492009311914444,0.30522000789642334
P05,8,0.06990033388137817,0.17161241173744202,-0.28424933552742004,0.32233792543411255
P06,8,0.21486355364322662,0.16058126091957092,0.13167908787727356,0.3523303270339966
P07,8,0.022065460681915283,0.23622457683086395,-0.23994381725788116,0.06991562247276306
P08,8,-0.04628485441207886,0.05913621559739113,-0.321889191865921,0.12389842420816422
P09,8,0.06951200217008591,0.07247798889875412,0.04982856661081314,0.08622945100069046
P01,9,0.26135584712028503,0.26048773527145386,0.3482970595359802,0.1752827912569046
P02,9,0.26390329003334045,0.3272932171821594,0.3312336206436157,0.1331830769777298
P03,9,0.025206513702869415,0.005763554479926825,0.18962624669075012,-0.11977026611566544
P04,9,0.15356452763080597,0.062197282910346985,0.033753398805856705,0.3647429049015045
P05,9,0.10781898349523544,0.0879128947854042,0.13869430124759674,0.09684974700212479
P06,9,0.341574102640152,0.25034385919570923,0.4367224872112274,0.33765602111816406
P07,9,0.10019771009683609,0.2424529492855072,0.28430551290512085,-0.2261652946472168
P08,9,0.03991558402776718,-0.04401681199669838,0.11490697413682938,0.048856593668460846
P09,9,0.11758986860513687,0.2034393697977066,0.16218794882297516,-0.012857708148658276
P01,10,0.07072148472070694,-0.1592327505350113,0.26165297627449036,0.10974424332380295
P02,10,0.19939245283603668,0.18993455171585083,0.20831511914730072,0.1999276727437973
P03,10,0.19309492409229279,0.08399979025125504,0.3643452823162079,0.13093975186347961
P04,10,0.053493861109018326,0.06301747262477875,0.08465929329395294,0.012804814614355564
P05,10,-0.042704761028289795,0.10010525584220886,0.12013676017522812,-0.34835630655288696
P06,10,-0.022363925352692604,-0.0050122858956456184,0.15585902333259583,-0.21793851256370544
P07,10,-0.032912880182266235,0.030533012002706528,0.32474568486213684,-0.4540173411369324
P08,10,0.07588531076908112,0.16562455892562866,-0.14413216710090637,0.20616354048252106
P09,10,0.10793604701757431,0.013988906517624855,0.4233252704143524,-0.11350604891777039
P01,11,0.09183478355407715,0.16920168697834015,-0.07023455202579498,0.17653720080852509
P02,11,0.1400897055864334,0.4220544397830963,-0.08328353613615036,0.08149825036525726
P03,11,0.03593570366501808,-0.26017364859580994,0.024677196517586708,0.3433035612106323
P04,11,0.07885921001434326,0.07537554949522018,0.2621642053127289,-0.10096213221549988
P05,11,0.1523391157388687,0.2817026972770691,-0.0625763088464737,0.23789095878601074
P06,11,0.14833925664424896,0.23714503645896912,-0.04465971887111664,0.2525324523448944
P07,11,0.24236615002155304,0.0647459402680397,0.2860848009586334,0.37626776099205017
P08,11,0.2901468873023987,0.25258103013038635,0.19520041346549988,0.4226592183113098
P09,11,0.22800195217132568,0.2702779471874237,0.26486119627952576,0.1488666832447052
P01,12,0.08790586143732071,0.0711582601070404,0.3235475420951843,-0.1309881955385208
P02,12,-0.022282352671027184,0.1181449368596077,0.09057852625846863,-0.27557051181793213
P03,12,0.1496923416852951,0.16364306211471558,0.11361861974000931,0.17181536555290222
P04,12,0.023143723607063293,0.015246804803609848,0.15420523285865784,-0.1000208705663681
P05,12,0.018888482823967934,0.14206914603710175,-0.1748521327972412,0.08944843709468842
P06,12,0.06393308937549591,0.12959404289722443,-0.06868624687194824,0.13089147210121155
P07,12,-0.05219246819615364,0.04267905652523041,-0.2373759150505066,0.038119442760944366
P08,12,0.12188675254583359,0.24895013868808746,0.21818822622299194,-0.10147811472415924
P09,12,-0.05078576132655144,-0.12407197803258896,0.23182082176208496,-0.2601061165332794
P01,13,0.13915784657001495,0.15337736904621124,0.1902693808078766,0.07382679730653763
P02,13,-0.026804819703102112,-0.26273971796035767,0.007821740582585335,0.17450352013111115
P03,13,0.14571671187877655,0.0022663711570203304,0.0635657012462616,0.3713180422782898
P04,13,0.23521894216537476,0.3527282774448395,0.1486869752407074,0.2042415887117386
P05,13,0.2722361981868744,0.2159864753484726,0.35353291034698486,0.24718913435935974
P06,13,0.0936475396156311,0.18273918330669403,-0.14302784204483032,0.2412312626838684
P07,13,-0.02601121924817562,0.07945183664560318,0.26684144139289856,-0.42432692646980286
P08,13,-0.0755399540066719,0.3688610792160034,-0.4220530092716217,-0.17342792451381683
P09,13,0.3416668474674225,0.24092978239059448,0.43042412400245667,0.3536466360092163
P01,14,0.1587929129600525,0.2881704270839691,0.2394046187400818,-0.05119628831744194
P02,14,0.08817467838525772,0.26501908898353577,-0.026546835899353027,0.026051796972751617
P03,14,0.06687439233064651,0.015311984345316887,0.10772225260734558,0.07758893817663193
P04,14,0.2803961932659149,0.4049663841724396,0.04250375181436539,0.3937184512615204
P05,14,0.15039652585983276,0.15007904171943665,-0.015508276410400867,0.31661882996559143
P06,14,0.09603000432252884,0.02042786218225956,0.22336429357528687,0.04429787024855614
P07,14,0.00437195086851716,-0.2698935270309448,0.030735494568943977,0.25227388739585876
P08,14,0.19637994468212128,0.335806280374527,0.15326081216335297,0.10007275640964508
P09,14,0.038699280470609665,0.00841093622148037,-0.04062090814113617,0.14830781519412994
P01,15,0.06682295352220535,0.06869389116764069,0.2852717936038971,-0.1534968465566635
P02,15,0.04627880081534386,0.23592321574687958,-0.23842865228652954,0.14134183526039124
P03,15,0.16748307645320892,0.43033745884895325,0.10021642595529556,-0.028104634955525398
P04,15,0.07080920785665512,0.4826003909111023,-0.1458064764738083,-0.12436629086732864
P05,15,0.15725037455558777,0.3908078372478485,0.1481788009405136,-0.06723549962043762
P06,15,0.09500161558389664,0.4698137640953064,-0.00548415957018733,-0.17932476103305817
P07,15,0.06620333343744278,0.3140042722225189,-0.011583542451262474,-0.10381073504686356
P08,15,0.14284515380859375,0.642470121383667,-0.028442831709980965,-0.18549180030822754
P09,15,0.12539272010326385,0.22594061493873596,0.1778031438589096,-0.02756560407578945
P01,16,-0.12211698293685913,0.24123114347457886,-0.30482229590415955,-0.3027597963809967
P02,16,0.019808312878012657,0.27120670676231384,-0.18102985620498657,-0.030751913785934448
P03,16,-0.16457416117191315,-0.1643916517496109,-0.18732093274593353,-0.1420099288225174
P04,16,-0.10349998623132706,-0.056044455617666245,-0.1696051061153412,-0.08485040813684464
P05,16,-0.08508241176605225,0.13780443370342255,0.020389823243021965,-0.4134415090084076
P06,16,0.08601633459329605,0.25557181239128113,-0.14140595495700836,0.14388316869735718
P07,16,0.012887582182884216,0.11657297611236572,0.08132554590702057,-0.15923577547073364
P08,16,0.025330469012260437,0.22599808871746063,-0.1881636083126068,0.03815693035721779
P09,16,0.03306558355689049,0.036889806389808655,-0.14322246611118317,0.20552940666675568
P01,17,0.08900793641805649,0.24092401564121246,0.14215074479579926,-0.11605096608400345
P02,17,0.034828897565603256,0.15254202485084534,0.16296036541461945,-0.2110157161951065
P03,17,-0.05962361767888069,0.04796897619962692,-0.08421027660369873,-0.14262956380844116
P04,17,-0.014621306210756302,-0.25096672773361206,0.15400344133377075,0.0530993677675724
P05,17,-0.015243466012179852,0.13355477154254913,0.00629251217469573,-0.18557767570018768
P06,17,0.09299108386039734,0.3284812867641449,0.3666166365146637,-0.4161246716976166
P07,17,0.027157356962561607,0.33249109983444214,0.02998480759561062,-0.28100383281707764
P08,17,0.03691951930522919,-0.1918756663799286,0.15707744657993317,0.14555677771568298
P09,17,-0.10186898708343506,-0.07670421898365021,-0.11556165665388107,-0.1133410856127739
P01,18,0.08093921095132828,0.13381054997444153,-0.060950882732868195,0.1699579656124115
P02,18,-0.03245711326599121,0.10357263684272766,-0.18845240771770477,-0.012491565197706223
P03,18,0.03207537904381752,-0.13054431974887848,0.05795977637171745,0.1688106805086136
P04,18,0.02534419298171997,-0.06832805275917053,0.08151716738939285,0.06284346431493759
P05,18,-0.07124481350183487,0.09078509360551834,-0.01706409454345703,-0.2874554395675659
P06,18,-0.0805632621049881,-0.30861136317253113,0.28781846165657043,-0.2208968847990036
P07,18,0.016807744279503822,0.003920865245163441,0.2612355649471283,-0.21473318338394165
P08,18,0.062238648533821106,0.10891229659318924,-0.0520533062517643,0.12985695898532867
P09,18,0.1590881496667862,0.23068393766880035,0.3181069493293762,-0.0715264081954956
P01,19,0.19135910272598267,0.17336775362491608,0.1395578235387802,0.2611517310142517
P02,19,-0.11434555053710938,-0.03649945184588432,0.03267133980989456,-0.33920854330062866
P03,19,0.00046281516551971436,-0.058826807886362076,-0.014808988198637962,0.07502423971891403
P04,19,0.15813525021076202,0.08004701137542725,0.06683219224214554,0.3275265395641327
P05,19,0.04095941409468651,-0.050821702927351,-0.1696317493915558,0.3433316946029663
P06,19,0.06361353397369385,-0.01209970097988844,-0.12260983884334564,0.3255501389503479
P07,19,-0.12048494815826416,0.15358467400074005,-0.33388474583625793,-0.1811547726392746
P08,19,0.002273735823109746,0.0704500824213028,-0.08402415364980698,0.020395278930664062
P09,19,0.11896155029535294,0.04969548434019089,0.17539939284324646,0.13178975880146027
P01,20,0.011526108719408512,0.22495906054973602,-0.22737504541873932,0.03699431195855141
P02,20,0.05791885778307915,-0.07210064679384232,-0.025626834481954575,0.27148404717445374
P03,20,-0.032903555780649185,-0.18120385706424713,0.16267910599708557,-0.0801859200000763
P04,20,0.11942365765571594,0.16923382878303528,-0.01403422188013792,0.20307137072086334
P05,20,-0.006523758172988892,0.1369398683309555,0.014595520682632923,-0.17110666632652283
P06,20,0.016722584143280983,0.11550931632518768,0.11627211421728134,-0.18161366879940033
P07,20,-0.0778193399310112,0.13093286752700806,-0.2766534388065338,-0.08773744851350784
P08,20,-0.10099053382873535,0.047736868262290955,-0.26915085315704346,-0.08155760169029236
P09,20,-0.15501819550991058,-0.31362614035606384,-0.28919926285743713,0.13777081668376923
P01,21,0.06990453600883484,-0.35016658902168274,0.24918314814567566,0.3106970489025116
P02,21,0.11861824244260788,0.030607111752033234,-0.07251030951738358,0.3977579176425934
P03,21,-0.041135046631097794,-0.03850714489817619,0.12456978857517242,-0.2094677835702896
P04,21,0.11417368054389954,0.018527638167142868,0.048606593161821365,0.2753868103027344
P05,21,0.2134576290845871,-0.018661268055438995,0.11815972626209259,0.5408744215965271
P06,21,0.06840614229440689,-0.13874247670173645,0.22443056106567383,0.1195303425192833
P07,21,-0.09886053204536438,-0.23717409372329712,0.022965550422668457,-0.08237304538488388
P08,21,-0.029092302545905113,0.13551563024520874,-0.26687952876091003,0.044086989015340805
P09,21,0.04473620653152466,-0.06128815934062004,0.2059221863746643,-0.010425404645502567
P01,22,0.2061576098203659,0.28666242957115173,0.05351804196834564,0.27829238772392273
P02,22,0.08659561723470688,-0.09541463106870651,0.21073247492313385,0.1444689929485321
P03,22,0.42828860878944397,0.5101156234741211,0.34504514932632446,0.42970508337020874
P04,22,0.22411806881427765,0.27610328793525696,0.27838942408561707,0.11786149442195892
P05,22,0.11626230925321579,0.045588210225105286,0.42743149399757385,-0.12423279881477356
P06,22,0.21210099756717682,0.0835467204451561,0.21092109382152557,0.3418352007865906
P07,22,-0.1497938185930252,-0.041639067232608795,-0.002281878376379609,-0.40546050667762756
P08,22,0.03438695892691612,0.1458086371421814,0.13606058061122894,-0.17870835959911346
P09,22,0.1781885176897049,0.5185475945472717,-0.14409516751766205,0.160113126039505
P01,23,0.1360623985528946,0.17528261244297028,0.14433136582374573,0.08857321739196777
P02,23,0.1841140240430832,0.2574521005153656,0.3387663662433624,-0.043876394629478455
P03,23,0.20916849374771118,0.5234893560409546,0.15059976279735565,-0.046583667397499084
P04,23,0.2662058174610138,0.4839142858982086,0.23670367896556854,0.0779995247721672
P05,23,0.07934560626745224,0.2580937445163727,0.1442907154560089,-0.16434763371944427
P06,23,0.1338445395231247,0.3247029483318329,0.13598400354385376,-0.05915335193276405
P07,23,0.23827046155929565,0.2985382080078125,0.3335091173648834,0.08276410400867462
P08,23,0.005663494113832712,0.2866208851337433,0.06550411134958267,-0.33513450622558594
P09,23,0.1411561518907547,0.4468752443790436,0.15350908041000366,-0.17691591382026672
P01,24,0.003463541390374303,0.183411106467247,0.07503458112478256,-0.24805505573749542
P02,24,0.05488823726773262,0.06677285581827164,0.17824843525886536,-0.08035656809806824
P03,24,-0.033302027732133865,0.05295940861105919,0.007913068868219852,-0.16077856719493866
P04,24,0.0964861810207367,0.0254519060254097,0.0525246188044548,0.21148201823234558
P05,24,0.03683231770992279,0.0861443281173706,-0.027102436870336533,0.0514550618827343
P06,24,0.013792597688734531,-0.05016869306564331,0.1479659229516983,-0.056419435888528824
P07,24,-0.042487069964408875,-0.2078823745250702,-0.10733328014612198,0.18775443732738495
P08,24,0.008216035552322865,-0.14580129086971283,0.18667680025100708,-0.016227401793003082
P09,24,-0.08802147954702377,-0.18980050086975098,0.12675458192825317,-0.2010185271501541
P01,25,0.14663071930408478,0.27277347445487976,0.07608828693628311,0.09103039652109146
P02,25,-0.03294855356216431,0.06285320967435837,-0.14269952476024628,-0.01899934932589531
P03,25,0.19383662939071655,0.3226955235004425,-0.11047851294279099,0.36929288506507874
P04,25,0.037662774324417114,0.3960379660129547,-0.005052908323705196,-0.2779967486858368
P05,25,0.07230105251073837,0.42600396275520325,-0.17387118935585022,-0.035229604691267014
P06,25,-0.03496561571955681,0.17153458297252655,-0.05417134240269661,-0.22226008772850037
P07,25,0.2091141939163208,0.4705682694911957,-0.12094949185848236,0.2777238190174103
P08,25,0.17426632344722748,0.43716564774513245,0.10538584738969803,-0.019752556458115578
P09,25,0.22097378969192505,0.5805567502975464,0.19860213994979858,-0.11623751372098923
P01,26,0.06892125308513641,0.24964790046215057,0.13834385573863983,-0.18122799694538116
P02,26,0.09534072875976562,0.15545488893985748,0.07381759583950043,0.05674969032406807
P03,26,0.1775275319814682,0.4316440522670746,-0.17341817915439606,0.2743567228317261
P04,26,-0.022521845996379852,0.13863323628902435,-0.03913665562868118,-0.16706211864948273
P05,26,-0.03764614835381508,-0.036112185567617416,-0.06115406006574631,-0.01567220687866211
P06,26,0.025655120611190796,-0.20586980879306793,0.0839771032333374,0.19885806739330292
P07,26,0.05356362834572792,0.1872914433479309,0.19278638064861298,-0.21938695013523102
P08,26,0.05183969438076019,0.1929308921098709,-0.09340264648199081,0.05599083751440048
P09,26,0.028546690940856934,0.15091198682785034,-0.09431491047143936,0.02904300019145012
P01,27,0.08931245654821396,0.3083467185497284,0.17553891241550446,-0.21594828367233276
P02,27,-0.041879430413246155,0.06539931893348694,-0.004540607333183289,-0.18649700284004211
P03,27,-0.008406600914895535,0.0251152440905571,-0.01818147487938404,-0.032153572887182236
P04,27,0.08594480901956558,0.3002018928527832,0.1671333611011505,-0.20950081944465637
P05,27,0.05489203706383705,0.1672390252351761,0.12936130166053772,-0.13192422688007355
P06,27,0.09287774562835693,0.24878621101379395,0.12732379138469696,-0.0974767655134201
P07,27,0.07150672376155853,0.2781091034412384,0.1411581188440323,-0.2047470659017563
P08,27,-0.107395239174366,0.024968178942799568,-0.0705782100558281,-0.2765756845474243
P09,27,0.06478122621774673,0.21200135350227356,0.017466772347688675,-0.03512444719672203
P01,28,0.06637837737798691,0.3349779546260834,-0.18070560693740845,0.0448627807199955
P02,28,0.14903907477855682,0.1978021115064621,-0.019947273656725883,0.2692623734474182
P03,28,0.06169148162007332,0.028590861707925797,0.015330799855291843,0.1411527842283249
P04,28,0.09758090227842331,0.37697944045066833,0.009056313894689083,-0.09329304099082947
P05,28,0.06768310070037842,0.15230980515480042,0.019185764715075493,0.0315537303686142
P06,28,0.12380906194448471,0.2422495186328888,0.07324104011058807,0.05593664199113846
P07,28,0.28771108388900757,0.4294308125972748,0.07823117822408676,0.35547125339508057
P08,28,0.09959395974874496,0.16077452898025513,-0.03244299069046974,0.1704503446817398
P09,28,0.07070650905370712,0.5133872628211975,-0.12242759019136429,-0.17884016036987305
P01,29,0.0448196642100811,0.20167261362075806,0.022727537900209427,-0.08994116634130478
P02,29,0.14659009873867035,0.2967049777507782,0.17847532033920288,-0.03540998697280884
P03,29,-0.043307509273290634,0.18477225303649902,0.06155891343951225,-0.3762536942958832
P04,29,-0.01914803683757782,-0.1249268427491188,0.052957940846681595,0.014524785801768303
P05,29,0.03825501725077629,0.18279199302196503,-0.02215740643441677,-0.04586954787373543
P06,29,-0.07278678566217422,0.05566016957163811,-0.01718824729323387,-0.2568322718143463
P07,29,-7.026394450804219e-05,0.28407198190689087,-0.1337389349937439,-0.15054383873939514
P08,29,-0.04350351169705391,0.0829106867313385,0.20137503743171692,-0.41479626297950745
P09,29,0.0744701698422432,0.1982899308204651,0.18678544461727142,-0.16166487336158752
P01,30,-0.1099325641989708,-0.10389464348554611,-0.3621900677680969,0.13628704845905304
P02,30,0.003031524596735835,0.2687391936779022,-0.34269264340400696,0.0830480232834816
P03,30,-0.0576905719935894,-0.37071144580841064,-0.0466197244822979,0.24425944685935974
P04,30,-0.02202320657670498,0.24605751037597656,-0.16190320253372192,-0.15022392570972443
P05,30,-0.025690779089927673,0.2298157662153244,-0.07912088930606842,-0.227767214179039
P06,30,0.05619259551167488,0.28403395414352417,-0.07747459411621094,-0.03798157349228859
P07,30,-0.07587989419698715,0.17464923858642578,-0.19239091873168945,-0.20989800989627838
P08,30,-0.05341266468167305,0.16111698746681213,-0.35507932305336,0.033724330365657806
P09,30,0.06027059629559517,0.20403428375720978,0.019221695140004158,-0.04244418814778328
P01,31,0.026891343295574188,-0.22081845998764038,0.26977527141571045,0.031717218458652496
P02,31,0.08096496760845184,-0.18943434953689575,0.22278046607971191,0.20954878628253937
P03,31,0.033458154648542404,0.15639430284500122,0.09437569975852966,-0.15039554238319397
P04,31,0.1413283348083496,0.04448562115430832,0.20510680973529816,0.17439256608486176
P05,31,0.05692574754357338,0.07193322479724884,0.1664356142282486,-0.067591592669487
P06,31,0.06276603788137436,-0.12827631831169128,0.23098424077033997,0.0855901911854744
P07,31,0.023569444194436073,0.2080121636390686,0.017919955775141716,-0.1552237868309021
P08,31,0.15686677396297455,0.155967578291893,0.394948273897171,-0.08031553775072098
P09,31,0.042592454701662064,0.20298272371292114,0.10643734037876129,-0.18164268136024475
P01,32,0.04035742208361626,0.3236410319805145,0.035562943667173386,-0.23813170194625854
P02,32,0.2551809251308441,0.3142940104007721,0.11244206130504608,0.3388066589832306
P03,32,0.06767444312572479,0.019903194159269333,0.24830886721611023,-0.06518872082233429
P04,32,0.07414059340953827,0.24810943007469177,0.120753712952137,-0.14644135534763336
P05,32,-0.13424019515514374,-0.011441660113632679,-0.26526814699172974,-0.12601076066493988
P06,32,-0.035653430968523026,0.02424253709614277,-0.08931269496679306,-0.04189012944698334
P07,32,-0.017777124419808388,0.16607236862182617,0.07142973691225052,-0.2908334732055664
P08,32,0.10543125867843628,0.16014274954795837,0.17586344480514526,-0.019712405279278755
P09,32,-0.026853537186980247,0.1379581093788147,-0.2570939064025879,0.0385751836001873
P01,33,0.06472154706716537,-0.030581159517169,0.16020001471042633,0.06454578042030334
P02,33,0.186990424990654,0.21696962416172028,0.35968083143234253,-0.01567915268242359
P03,33,0.13787661492824554,0.04981720447540283,0.46114692091941833,-0.09733430296182632
P04,33,0.07958821207284927,0.19400478899478912,0.041206371039152145,0.0035534680355340242
P05,33,0.17644017934799194,0.31009355187416077,0.28170785307884216,-0.0624808631837368
P06,33,0.27191391587257385,0.28812041878700256,0.4696931838989258,0.057928189635276794
P07,33,-0.0571051724255085,-0.10162544995546341,0.01581977680325508,-0.08550985902547836
P08,33,0.26479870080947876,0.39089933037757874,0.27175426483154297,0.13174253702163696
P09,33,0.21168111264705658,0.20715472102165222,0.14509600400924683,0.2827925980091095
P01,34,-0.1110478863120079,0.07791793346405029,0.020839495584368706,-0.43190109729766846
P02,34,-0.0156344473361969,0.009909447282552719,0.07136643677949905,-0.12817922234535217
P03,34,0.17538993060588837,0.21603186428546906,0.3382631540298462,-0.028125248849391937
P04,34,-0.06326354295015335,-0.15608994662761688,0.08055845648050308,-0.11425913870334625
P05,34,0.13939575850963593,0.27769044041633606,0.149370938539505,-0.008874095045030117
P06,34,0.05800793692469597,-0.03955740109086037,0.32808372378349304,-0.11450252681970596
P07,34,0.0981760323047638,0.2976105511188507,-0.12337766587734222,0.1202952042222023
P08,34,-0.05783763900399208,0.01048138365149498,-0.20118923485279083,0.017194930464029312
P09,34,0.10067114979028702,0.2052329182624817,0.06102719530463219,0.035753343254327774
P01,35,0.061869919300079346,-0.03733270242810249,0.28076472878456116,-0.05782226845622063
P02,35,0.2046080082654953,0.16881349682807922,0.25528305768966675,0.18972744047641754
P03,35,-0.22797632217407227,0.054938990622758865,-0.3793054521083832,-0.35956254601478577
P04,35,0.10809927433729172,-0.020963765680789948,0.32474642992019653,0.020515134558081627
P05,35,0.11455637216567993,0.1522461473941803,0.3694770038127899,-0.17805401980876923
P06,35,-0.07595949620008469,0.028832245618104935,-0.20241467654705048,-0.054296039044857025
P07,35,0.1902356594800949,0.16538028419017792,0.26168307662010193,0.14364361763000488
P08,35,0.19118048250675201,0.22556334733963013,0.2386508285999298,0.1093272790312767
P09,35,0.19379091262817383,0.2803589999675751,0.44132083654403687,-0.14030708372592926
P01,36,-0.06959328800439835,0.09451064467430115,-0.0059133488684892654,-0.29737716913223267
P02,36,0.1678638458251953,0.08041404187679291,0.22936049103736877,0.19381700456142426
P03,36,-0.013042842037975788,0.03927391394972801,-0.1411764770746231,0.06277403235435486
P04,36,0.08601129055023193,0.14931128919124603,-0.04121662303805351,0.14993919432163239
P05,36,-0.00926807802170515,-0.15104320645332336,0.03548993915319443,0.08774903416633606
P06,36,0.024524932727217674,0.001883689546957612,0.008235514163970947,0.06345558911561966
P07,36,0.050788357853889465,0.09118059277534485,-0.0029649415519088507,0.06414942443370819
P08,36,-0.003799237310886383,-0.041500769555568695,0.08540808409452438,-0.05530502647161484
P09,36,0.0758548304438591,0.09928590804338455,0.07909156382083893,0.049187008291482925
P01,37,-0.03496360406279564,-0.041644174605607986,0.054036036133766174,-0.1172826737165451
P02,37,-0.022478347644209862,-0.29925575852394104,0.20959879457950592,0.022221922874450684
P03,37,0.028642771765589714,-0.02610885724425316,0.038885246962308884,0.07315192371606827
P04,37,-0.08196068555116653,-0.29943153262138367,0.08696851134300232,-0.03341904655098915
P05,37,0.06156153604388237,0.13806620240211487,-0.01771119423210621,0.0643296018242836
P06,37,-0.05155673995614052,-0.16682392358779907,-0.135566845536232,0.14772053062915802
P07,37,-0.08410666137933731,0.1144617572426796,-0.1039043590426445,-0.26287737488746643
P08,37,-0.07983952015638351,-0.07018823176622391,-0.06337785720825195,-0.10595247149467468
P09,37,0.048734892159700394,0.006066982168704271,0.18143831193447113,-0.041300613433122635
P01,38,0.23448292911052704,0.09227851033210754,0.3027377426624298,0.3084324896335602
P02,38,0.08547727018594742,0.07001782953739166,0.1395256072282791,0.04688837006688118
P03,38,0.293483167886734,0.17875970900058746,0.5800439715385437,0.12164582312107086
P04,38,0.216560959815979,0.09495730698108673,0.42310652136802673,0.13161900639533997
P05,38,0.0839591696858406,0.15232260525226593,-0.057343970984220505,0.1568988859653473
P06,38,0.16936266422271729,0.14137595891952515,0.2462013214826584,0.12051071226596832
P07,38,0.30957886576652527,0.29247942566871643,0.42440205812454224,0.21185502409934998
P08,38,0.09168582409620285,0.3092040717601776,0.02683212421834469,-0.06097874790430069
P09,38,0.14278773963451385,0.13459007441997528,0.12160458415746689,0.1721685528755188
P01,39,0.22693480551242828,0.27252525091171265,0.08505142480134964,0.32322776317596436
P02,39,-0.07320413738489151,-0.1448533833026886,0.06857410818338394,-0.14333315193653107
P03,39,0.15697437524795532,0.14349527657032013,0.05003585293889046,0.2773919999599457
P04,39,0.2375527173280716,0.08441462367773056,0.3260006606578827,0.3022429049015045
P05,39,0.08151325583457947,0.10807569324970245,0.1186864823102951,0.017777586355805397
P06,39,-0.09074632078409195,-0.21511992812156677,-0.10966220498085022,0.05254317447543144
P07,39,-0.018047433346509933,0.028807668015360832,-0.14110317826271057,0.05815320834517479
P08,39,0.10533130168914795,0.10942129045724869,0.10580382496118546,0.1007688045501709
P09,39,-0.003579621436074376,0.2404329627752304,-0.023269208148121834,-0.2279026210308075
P01,40,-0.05012154579162598,0.010324358940124512,0.20449215173721313,-0.3651811480522156
P02,40,0.1189742311835289,0.13517975807189941,0.09122629463672638,0.13051661849021912
P03,40,-0.02734011597931385,-0.12196219712495804,0.17175762355327606,-0.13181577622890472
P04,40,0.04684039577841759,-0.16213896870613098,0.1890833079814911,0.11357684433460236
P05,40,-0.005142493173480034,-0.09640267491340637,0.06441621482372284,0.01655898056924343
P06,40,-0.012709704227745533,-0.020654575899243355,0.09572716057300568,-0.11320170015096664
P07,40,0.10672196000814438,0.10841821134090424,0.2659774422645569,-0.054229795932769775
P08,40,0.051164548844099045,-0.04697210714221001,0.19631849229335785,0.004147263243794441
P09,40,-0.04727008938789368,0.031183330342173576,0.08056244254112244,-0.2535560429096222
P01,41,0.08256324380636215,0.2394106239080429,-0.04311503469944,0.051394153386354446
P02,41,-0.02529122866690159,0.042699120938777924,-0.06274528801441193,-0.05582751706242561
P03,41,0.0033087804913520813,0.17995312809944153,-0.07123862951993942,-0.09878815710544586
P04,41,0.1679329127073288,0.20432430505752563,0.164592906832695,0.13488151133060455
P05,41,0.17411132156848907,0.5483326315879822,0.09522291272878647,-0.12122153490781784
P06,41,0.001860734075307846,-0.03285349905490875,-0.012905510142445564,0.051341209560632706
P07,41,0.12177908420562744,0.2980639636516571,-0.03910498321056366,0.10637824982404709
P08,41,0.03245052322745323,-0.03785054758191109,0.11457012593746185,0.02063198946416378
P09,41,0.042604926973581314,0.16773782670497894,0.023101529106497765,-0.06302456557750702
P01,42,0.02509882114827633,-0.06367576867341995,-0.1790207177400589,0.3179929554462433
P02,42,0.07993260025978088,0.22775281965732574,-0.0660908967256546,0.07813587039709091
P03,42,0.13100981712341309,0.1291879266500473,0.2539926767349243,0.009848833084106445
P04,42,0.04401695728302002,0.20485027134418488,0.07850433140993118,-0.1513037383556366
P05,42,0.026826998218894005,0.05731219798326492,0.11450733989477158,-0.09133854508399963
P06,42,0.10794452577829361,0.3515169024467468,0.01887161284685135,-0.04655493423342705
P07,42,0.08608456701040268,0.21860520541667938,-0.056820347905159,0.09646882116794586
P08,42,-0.04724203050136566,0.238957941532135,-0.3594719171524048,-0.021212121471762657
P09,42,-0.019934648647904396,0.14394347369670868,-0.05791779235005379,-0.14582963287830353
P01,43,0.03655431792140007,0.2792634069919586,0.14138942956924438,-0.3109898865222931
P02,43,0.14971257746219635,-0.010693506337702274,0.17921018600463867,0.28062108159065247
P03,43,0.060455333441495895,-0.09621140360832214,0.18428993225097656,0.09328747540712357
P04,43,0.1272243857383728,0.05886869877576828,0.11829357594251633,0.204510897397995
P05,43,0.09762270003557205,0.27190080285072327,-0.050359826534986496,0.07132712751626968
P06,43,0.08248399943113327,-0.003141345689073205,0.11138861626386642,0.1392047256231308
P07,43,0.016794802621006966,-0.03678799048066139,0.1283353865146637,-0.041162990033626556
P08,43,-0.14201034605503082,0.05187147483229637,-0.3729400038719177,-0.1049625352025032
P09,43,0.1537865400314331,-0.06233048066496849,0.18996496498584747,0.3337251543998718
P01,44,-0.030750498175621033,-0.18171609938144684,-0.036657534539699554,0.1261221319437027
P02,44,0.20575205981731415,0.13804182410240173,0.22330878674983978,0.25590553879737854
P03,44,0.021764881908893585,0.19006198644638062,-0.1990637481212616,0.07429640740156174
P04,44,0.16116605699062347,0.22576658427715302,0.2525440454483032,0.005187555216252804
P05,44,0.09391439706087112,0.28067317605018616,-0.18261019885540009,0.1836802214384079
P06,44,0.2051372528076172,0.1988946497440338,0.16486768424510956,0.2516494691371918
P07,44,-0.023817626759409904,0.06294742971658707,-0.020701667293906212,-0.11369863897562027
P08,44,0.10548476129770279,0.09520464390516281,0.195942685008049,0.02530696801841259
P09,44,0.2895931899547577,0.1908106803894043,0.30322888493537903,0.37474003434181213
P01,45,0.0035404611844569445,-0.0023945928551256657,0.1733129471540451,-0.1602969765663147
P02,45,0.08133310079574585,0.10257666558027267,0.01250496692955494,0.12891767919063568
P03,45,0.10662389546632767,-0.03540336713194847,0.24589426815509796,0.10938078910112381
P04,45,0.14451216161251068,0.27392280101776123,0.013627942651510239,0.14598575234413147
P05,45,-0.009897958487272263,0.14279384911060333,-0.21927331387996674,0.046785589307546616
P06,45,0.1492324024438858,0.29279157519340515,-0.001751975272782147,0.1566576510667801
P07,45,0.10643243789672852,0.22759456932544708,0.08780279755592346,0.0038999358657747507
P08,45,0.02521166019141674,0.16233007609844208,-0.01303115300834179,-0.07366394251585007
P09,45,0.10993465781211853,0.10027016699314117,0.18182258307933807,0.04771123453974724
P01,46,0.1368720829486847,0.23960575461387634,0.2056017369031906,-0.03459122031927109
P02,46,0.16983063519001007,0.2580909729003906,-0.08482397347688675,0.33622488379478455
P03,46,-0.08747869729995728,0.08795294910669327,-0.2211332470178604,-0.12925580143928528
P04,46,0.0021246522665023804,-0.10603725910186768,0.23932558298110962,-0.1269143670797348
P05,46,-0.08638101816177368,-0.06741533428430557,-0.122214175760746,-0.06951352953910828
P06,46,-0.006292961537837982,0.209679514169693,-0.12603093683719635,-0.10252746194601059
P07,46,0.008939485065639019,0.2701955735683441,0.08512933552265167,-0.3285064697265625
P08,46,0.09605180472135544,0.14992423355579376,0.0457029715180397,0.09252818673849106
P09,46,-0.000853444158565253,-0.014331058599054813,0.2093733847141266,-0.19760265946388245
P01,47,0.06082482635974884,0.09347711503505707,-0.16455894708633423,0.2535563111305237
P02,47,0.07242445647716522,0.1661681979894638,0.11868073791265488,-0.06757555902004242
P03,47,-0.057909559458494186,0.041475169360637665,0.0065301815047860146,-0.22173403203487396
P04,47,0.1583244353532791,0.11196163296699524,0.008961609564721584,0.35405004024505615
P05,47,0.14962537586688995,0.21823202073574066,-0.0256176944822073,0.25626182556152344
P06,47,0.08499368280172348,0.26884302496910095,-0.14706039428710938,0.13319839537143707
P07,47,-0.04659717157483101,0.03382201865315437,-0.14018966257572174,-0.03342386335134506
P08,47,-0.14866583049297333,0.10949359089136124,-0.24840666353702545,-0.30708444118499756
P09,47,0.0811072364449501,-0.046906162053346634,0.21167351305484772,0.07855436205863953
P01,48,0.1520519107580185,0.1501600295305252,-0.07698585093021393,0.3829815685749054
P02,48,0.15152403712272644,0.3439391553401947,-0.2779620587825775,0.38859501481056213
P03,48,0.057686153799295425,-0.14127516746520996,0.20222441852092743,0.1121092140674591
P04,48,0.1042279377579689,0.1610388159751892,-0.0966252014040947,0.2482701987028122
P05,48,0.09736277908086777,0.07329752296209335,-0.01867767609655857,0.23746849596500397
P06,48,0.23425686359405518,0.3870249390602112,0.07152437418699265,0.24422124028205872
P07,48,0.10807797312736511,0.2152901291847229,-0.12585265934467316,0.2347964495420456
P08,48,0.19887888431549072,0.14060722291469574,0.15196622908115387,0.30406323075294495
P09,48,0.2927280366420746,0.21183529496192932,0.2561019957065582,0.4102468490600586
P01,49,0.2270326167345047,0.09533045440912247,0.3266051113605499,0.2591623067855835
P02,49,0.24422119557857513,0.23797737061977386,0.19262179732322693,0.3020644187927246
P03,49,0.008059446699917316,0.1110328957438469,0.09923103451728821,-0.18608559668064117
P04,49,0.3825240135192871,0.45798739790916443,0.23208652436733246,0.45749807357788086
P05,49,0.08186281472444534,-0.0556538887321949,-0.027394024655222893,0.3286363482475281
P06,49,0.08110060542821884,0.21139787137508392,-0.1792689710855484,0.2111729234457016
P07,49,0.03714508190751076,-0.25307658314704895,0.19070905447006226,0.17380277812480927
P08,49,0.2024736851453781,0.42440155148506165,0.0012035847175866365,0.18181587755680084
P09,49,0.1897984743118286,0.22159816324710846,-0.09283582121133804,0.4406331181526184
P01,50,-0.14584434032440186,0.0188966765999794,-0.15839935839176178,-0.2980303466320038
P02,50,0.1051991656422615,-0.12787196040153503,0.3659381866455078,0.07753127068281174
P03,50,0.26439738273620605,0.21009156107902527,0.16729770600795746,0.415802925825119
P04,50,0.04320552572607994,0.022976765409111977,0.12770859897136688,-0.02106880210340023
P05,50,0.17545247077941895,0.20295797288417816,-0.22638686001300812,0.5497862696647644
P06,50,0.20544534921646118,-0.03812116011977196,0.17062394320964813,0.4838332533836365
P07,50,0.1656814068555832,-0.14382225275039673,0.07823600620031357,0.5626304745674133
P08,50,0.14689217507839203,-0.023889921605587006,0.021076587960124016,0.44348984956741333
P09,50,0.2616349458694458,0.06702480465173721,0.37661507725715637,0.3412649929523468
P01,51,0.14952178299427032,0.1965540200471878,0.09728381037712097,0.1547275185585022
P02,51,0.25069430470466614,0.04432586207985878,0.43199121952056885,0.27576586604118347
P03,51,0.30540207028388977,0.24730227887630463,0.5344648361206055,0.13443906605243683
P04,51,0.030598782002925873,-0.037559930235147476,0.08515956997871399,0.044196706265211105
P05,51,0.2089085578918457,0.41320040822029114,0.2648986876010895,-0.0513734370470047
P06,51,0.22744405269622803,0.0733356922864914,0.3976823389530182,0.2113141566514969
P07,51,0.13571108877658844,0.09220190346240997,0.3207160532474518,-0.005784694571048021
P08,51,0.04920579865574837,0.24223701655864716,0.06005975231528282,-0.15467935800552368
P09,51,0.03372757136821747,-0.14449308812618256,0.34357941150665283,-0.09790360927581787
P01,52,0.07489874213933945,0.18403752148151398,0.028376666828989983,0.012282047420740128
P02,52,-0.006477253045886755,-0.1096276119351387,0.12473277747631073,-0.034536924213171005
P03,52,0.08478239923715591,0.073431096971035,0.2456841766834259,-0.06476806849241257
P04,52,0.026894712820649147,0.21758872270584106,-0.14885902404785156,0.011954440735280514
P05,52,0.1611078530550003,0.26067572832107544,-0.048117294907569885,0.27076512575149536
P06,52,0.05532926693558693,0.16135947406291962,0.1375119537115097,-0.13288362324237823
P07,52,0.23052340745925903,0.22208382189273834,0.3130442798137665,0.15644212067127228
P08,52,0.0736323669552803,-0.007111966609954834,0.14012175798416138,0.08788730204105377
P09,52,0.22189630568027496,0.23899854719638824,0.38542237877845764,0.04126796871423721
P01,53,-0.019066864624619484,0.140285924077034,0.05343573912978172,-0.2509222626686096
P02,53,0.24075724184513092,0.4040888547897339,0.07120043784379959,0.24698247015476227
P03,53,0.05654660984873772,0.13388140499591827,0.029353853315114975,0.006404558662325144
P04,53,-0.23450088500976562,-0.45007795095443726,-0.1401483565568924,-0.11327637732028961
P05,53,0.00639168918132782,0.2822943329811096,-0.2191498875617981,-0.043969377875328064
P06,53,0.04676408693194389,0.16992568969726562,-0.13456302881240845,0.10492958873510361
P07,53,0.21832787990570068,0.32767799496650696,0.09070013463497162,0.23660551011562347
P08,53,0.23657791316509247,0.4581034779548645,0.1534811556339264,0.09814905375242233
P09,53,-0.01504554320126772,0.02038261853158474,0.09616739302873611,-0.16168664395809174
P01,54,-0.007645676378160715,0.20465274155139923,0.014154684729874134,-0.24174445867538452
P02,54,0.11703445762395859,0.19142809510231018,0.18836654722690582,-0.02869129553437233
P03,54,-0.04511895403265953,-0.0031613786704838276,0.0008746932144276798,-0.133070170879364
P04,54,-0.05486191436648369,-0.04384690150618553,0.04733053222298622,-0.16806936264038086
P05,54,-0.03235878050327301,0.014940230175852776,0.06567101180553436,-0.17768758535385132
P06,54,-0.040553513914346695,0.16826997697353363,-0.0024258126504719257,-0.2875047028064728
P07,54,0.005037588533014059,-0.03586669638752937,0.1680530607700348,-0.11707360297441483
P08,54,0.090143121778965,0.25590118765830994,0.1287992149591446,-0.11427105963230133
P09,54,-0.032813381403684616,-0.06143943592905998,0.24106056988239288,-0.27806127071380615
P01,55,0.2432255744934082,0.4931977093219757,0.058239180594682693,0.1782398521900177
P02,55,0.18648934364318848,0.5156535506248474,0.16526372730731964,-0.12144926190376282
P03,55,0.27602872252464294,0.5767086148262024,0.15764154493808746,0.09373607486486435
P04,55,0.29840049147605896,0.5369370579719543,0.2063593864440918,0.15190503001213074
P05,55,0.07463086396455765,0.47742781043052673,-0.25879502296447754,0.00525980768725276
P06,55,0.26547253131866455,0.49354174733161926,0.2902323007583618,0.012643588706851006
P07,55,0.22404903173446655,0.35355404019355774,0.21642276644706726,0.10217030346393585
P08,55,0.2237045168876648,0.4007195830345154,0.09948494285345078,0.1709090620279312
P09,55,0.28500139713287354,0.5153929591178894,0.21685634553432465,0.12275484204292297
P01,56,-0.09661456197500229,0.026238391175866127,-0.010410440154373646,-0.3056716322898865
P02,56,0.062429387122392654,0.26861992478370667,-0.16521215438842773,0.08388040214776993
P03,56,0.043348830193281174,-0.020392052829265594,0.34929847717285156,-0.19885993003845215
P04,56,0.02132495678961277,0.28961631655693054,-0.026718489825725555,-0.19892294704914093
P05,56,0.09432220458984375,-0.05495278909802437,0.24556905031204224,0.09235035628080368
P06,56,0.10350945591926575,0.06796222180128098,0.18595507740974426,0.056611064821481705
P07,56,0.06895458698272705,0.059956517070531845,0.24372904002666473,-0.09682178497314453
P08,56,-0.036979105323553085,0.019285904243588448,0.06521382182836533,-0.19543704390525818
P09,56,0.06925202161073685,0.21330469846725464,-0.025390727445483208,0.019842088222503662
P01,57,0.09376057982444763,0.14570051431655884,-0.07841367274522781,0.21399489045143127
P02,57,0.154138445854187,0.098520927131176,0.21597523987293243,0.1479191929101944
P03,57,0.1497185379266739,0.29673483967781067,0.18380561470985413,-0.031384821981191635
P04,57,-0.008637867867946625,-0.016245905309915543,-0.0705995261669159,0.06093182414770126
P05,57,0.035707030445337296,0.16355282068252563,0.040525805205106735,-0.09695754200220108
P06,57,0.20957575738430023,0.27371326088905334,0.258160799741745,0.09685318917036057
P07,57,-0.00395970419049263,-0.03204387053847313,-0.015268317423760891,0.035433076322078705
P08,57,0.03799182176589966,0.2987479865550995,0.11481954902410507,-0.2995920777320862
P09,57,-0.02970602922141552,-0.11263693124055862,0.10412260890007019,-0.08060376346111298
P01,58,-0.052285175770521164,-0.14268016815185547,0.10017676651477814,-0.11435211449861526
P02,58,-0.048115331679582596,0.034435369074344635,-0.0849267914891243,-0.09385456889867783
P03,58,-0.010645772330462933,-0.07234935462474823,0.0772366002202034,-0.03682456165552139
P04,58,-0.058260660618543625,0.022903140634298325,-0.15662752091884613,-0.04105760157108307
P05,58,-0.02046176977455616,-0.1895773708820343,0.052794042974710464,0.0753980204463005
P06,58,-0.05860276520252228,-0.07017017900943756,-0.048540208488702774,-0.0570979081094265
P07,58,-0.03703906759619713,0.022889424115419388,0.18969249725341797,-0.32369911670684814
P08,58,0.026606397703289986,-0.013151496648788452,0.05053998902440071,0.04243070259690285
P09,58,-0.023961320519447327,0.17156215012073517,-0.00876309908926487,-0.23468300700187683
P01,59,0.17800091207027435,0.11496070772409439,0.365978866815567,0.05306313931941986
P02,59,-0.08662857860326767,-0.3034575879573822,-0.04930172860622406,0.09287358075380325
P03,59,0.04585495591163635,0.11546794325113297,-0.030154729261994362,0.052251651883125305
P04,59,0.11246412247419357,0.11145598441362381,0.12081745266914368,0.10511893779039383
P05,59,0.16757838428020477,0.26493093371391296,0.0632963627576828,0.17450784146785736
P06,59,0.050323475152254105,0.1425189971923828,0.010773531161248684,-0.002322085667401552
P07,59,0.1775333136320114,0.23340076208114624,0.2701837122440338,0.029015416279435158
P08,59,0.2676786482334137,0.30721917748451233,0.09684418141841888,0.3989725708961487
P09,59,-0.21198035776615143,-0.36902672052383423,-0.14901643991470337,-0.11789794266223907
P01,60,0.0506378673017025,0.2125059813261032,-0.09287156164646149,0.032279178500175476
P02,60,0.23856885731220245,0.09713410586118698,0.10492447763681412,0.5136479735374451
P03,60,-0.1367305964231491,-0.146836057305336,-0.3563055396080017,0.09294981509447098
P04,60,0.21070122718811035,0.27115899324417114,-0.00852873083204031,0.3694734573364258
P05,60,0.07266824692487717,0.10589568316936493,-0.017486078664660454,0.12959513068199158
P06,60,0.20259524881839752,0.3218631148338318,0.04119372367858887,0.2447289079427719
P07,60,0.20072315633296967,0.293264240026474,0.28268083930015564,0.02622438222169876
P08,60,0.025873443111777306,0.12570396065711975,-0.32819679379463196,0.280113160610199
P09,60,-0.08414540439844131,-0.307744562625885,0.012083579786121845,0.0432247668504715
P01,61,-0.2092176228761673,-0.23099590837955475,-0.2730983793735504,-0.12355855107307434
P02,61,0.09756102412939072,0.25743234157562256,-0.13728636503219604,0.17253707349300385
P03,61,0.0023034613113850355,0.23793001472949982,-0.06679205596446991,-0.16422757506370544
P04,61,0.2579978108406067,0.5055975317955017,0.04462658613920212,0.22376932203769684
P05,61,0.2064935714006424,0.4243011474609375,0.07525527477264404,0.11992433667182922
P06,61,-0.016739914193749428,0.13512298464775085,0.06788628548383713,-0.253229022026062
P07,61,0.06737247854471207,0.3736453354358673,0.20742829144001007,-0.3789561986923218
P08,61,-0.021705850958824158,0.35515254735946655,-0.3502705991268158,-0.06999950110912323
P09,61,0.31266048550605774,0.3664017915725708,0.14101622998714447,0.43056339025497437
P01,62,0.21856661140918732,0.2518068552017212,0.16444556415081024,0.23944738507270813
P02,62,0.11545705795288086,0.07583335041999817,0.08546087890863419,0.18507695198059082
P03,62,0.009858180768787861,0.3138320744037628,-0.08408154547214508,-0.20017598569393158
P04,62,-0.08432325720787048,-0.04778807982802391,0.06041277199983597,-0.2655944526195526
P05,62,0.08692707866430283,0.26911309361457825,-0.0939360186457634,0.08560416102409363
P06,62,0.04452426731586456,-0.040555570274591446,-0.05858397111296654,0.23271234333515167
P07,62,-0.03480907902121544,0.09198286384344101,-0.09990677237510681,-0.09650332480669022
P08,62,0.20062156021595,0.27732837200164795,0.07119741290807724,0.25333893299102783
P09,62,-0.06332782655954361,0.15158790349960327,-0.15346670150756836,-0.18810468912124634
P01,63,0.07162777334451675,0.415115088224411,0.022927602753043175,-0.22315937280654907
P02,63,-0.04613841697573662,-0.117400161921978,-0.009564252570271492,-0.011450821533799171
P03,63,0.050723135471343994,0.1034410297870636,-0.0016881446354091167,0.05041651800274849
P04,63,0.17237307131290436,0.29880186915397644,0.022243943065404892,0.19607339799404144
P05,63,-0.06360044330358505,0.03756045550107956,-0.1329236775636673,-0.09543811529874802
P06,63,0.04036208614706993,0.21224921941757202,0.02232852391898632,-0.113491490483284
P07,63,0.06115231290459633,0.19136933982372284,0.05922514945268631,-0.06713755428791046
P08,63,0.10966578125953674,0.027160627767443657,0.2062341868877411,0.09560251981019974
P09,63,-0.11045559495687485,0.05188274011015892,-0.23615071177482605,-0.1470988243818283
P01,64,0.09591701626777649,0.3280479609966278,-0.11028378456830978,0.06998687237501144
P02,64,-0.09809085726737976,-0.22435347735881805,0.03703078255057335,-0.10694988816976547
P03,64,0.09575313329696655,0.1323462277650833,0.11206486076116562,0.042848315089941025
P04,64,-0.0894775316119194,0.03766977787017822,-0.2774689495563507,-0.02863341197371483
P05,64,0.03971267119050026,-0.01871485821902752,0.22405900061130524,-0.08620612323284149
P06,64,0.07423672080039978,0.13266496360301971,0.0166969895362854,0.07334820926189423
P07,64,0.09996321052312851,0.21595022082328796,-0.03170470520853996,0.11564411222934723
P08,64,-0.05583431199193001,0.195303276181221,-0.25406816601753235,-0.10873804241418839
P09,64,0.15340304374694824,0.1505936235189438,0.3496285676956177,-0.04001307114958763
P01,65,0.22947435081005096,0.24598750472068787,0.3763113021850586,0.06612422317266464
P02,65,-0.012938042171299458,0.04732193797826767,0.15127155184745789,-0.2374076247215271
P03,65,0.023733029142022133,0.23905906081199646,0.053279463201761246,-0.22113943099975586
P04,65,0.15233516693115234,0.29433223605155945,0.07158713042736053,0.09108613431453705
P05,65,0.18607990443706512,0.17803063988685608,0.1360890120267868,0.2441200315952301
P06,65,0.07448030263185501,-0.046185798943042755,0.20215798914432526,0.06746874004602432
P07,65,0.12180647999048233,0.06968946754932404,0.2769159972667694,0.018813960254192352
P08,65,0.042465779930353165,0.15864410996437073,0.11431250721216202,-0.14555926620960236
P09,65,0.20761634409427643,0.3872933089733124,0.11562594026327133,0.11992980539798737
P01,66,0.24772103130817413,0.08828694373369217,0.24701404571533203,0.4078620970249176
P02,66,0.07002770900726318,0.05532253533601761,-0.1163557842373848,0.27111637592315674
P03,66,0.10050726681947708,-0.026442034170031548,0.11618269234895706,0.21178115904331207
P04,66,0.22988267242908478,0.1242838129401207,0.28132471442222595,0.28403952717781067
P05,66,0.1614367961883545,0.15060867369174957,0.3979185223579407,-0.06421678513288498
P06,66,0.0759333148598671,0.17933610081672668,-0.035737983882427216,0.08420184254646301
P07,66,-0.14384880661964417,-0.20929495990276337,-0.14028245210647583,-0.0819690003991127
P08,66,0.12052188068628311,0.14114172756671906,0.07116187363862991,0.14926204085350037
P09,66,0.24294018745422363,0.010415410622954369,0.2612997591495514,0.4571053683757782
P01,67,0.10019013285636902,0.06315436214208603,-0.13651393353939056,0.3739299774169922
P02,67,0.29818248748779297,0.04670647531747818,0.3018517792224884,0.5459892153739929
P03,67,0.06288526952266693,0.21254339814186096,0.15889562666416168,-0.18278323113918304
P04,67,0.17921657860279083,0.0929936096072197,0.2525933086872101,0.19206281006336212
P05,67,0.03709561750292778,-0.06442468613386154,0.3035917282104492,-0.12788018584251404
P06,67,0.0340336449444294,-0.016185017302632332,0.0576830692589283,0.060602881014347076
P07,67,0.1526726931333542,0.05600552633404732,0.22782723605632782,0.17418533563613892
P08,67,0.09277728945016861,0.21304351091384888,0.301222026348114,-0.23593364655971527
P09,67,0.23050348460674286,0.20187722146511078,0.2226368635892868,0.2669963538646698
P01,68,0.037249740213155746,-0.011078090406954288,-0.10108759999275208,0.22391490638256073
P02,68,0.07305709272623062,0.05913597717881203,-0.010127111338078976,0.1701624095439911
P03,68,0.10818307846784592,0.08754043281078339,0.02406112104654312,0.21294768154621124
P04,68,0.024739881977438927,-0.06772027164697647,0.0346989706158638,0.1072409451007843
P05,68,-0.18261002004146576,-0.42051470279693604,-0.18988390266895294,0.06256856769323349
P06,68,0.0034405116457492113,-0.046018488705158234,0.17650523781776428,-0.12016522139310837
P07,68,0.05058455839753151,-0.016074681654572487,0.0732697993516922,0.09455855935811996
P08,68,-0.03401315212249756,0.013689705170691013,-0.07802559435367584,-0.03770356997847557
P09,68,-0.04589417949318886,-0.041027799248695374,-0.1801135390996933,0.0834587961435318
P01,69,0.10735156387090683,0.499808132648468,-0.34035274386405945,0.16259928047657013
P02,69,0.021502679213881493,0.29597264528274536,-0.17823722958564758,-0.05322737619280815
P03,69,0.05920654162764549,0.08936439454555511,-0.03167053312063217,0.11992575973272324
P04,69,0.1954241394996643,0.33987176418304443,0.2897231876850128,-0.04332251846790314
P05,69,0.1041751280426979,-0.1225212886929512,0.20143646001815796,0.23361022770404816
P06,69,0.09254556149244308,0.15951207280158997,0.10147170722484589,0.01665290631353855
P07,69,0.00959381926804781,0.3046780824661255,-0.04295624792575836,-0.23294039070606232
P08,69,0.16026534140110016,0.48637041449546814,0.14270763099193573,-0.1482820212841034
P09,69,0.042498212307691574,-0.17286035418510437,0.07561986893415451,0.22473512589931488
P01,70,0.2690841257572174,0.26748618483543396,0.2776028513908386,0.26216334104537964
P02,70,0.03497547283768654,-0.11704541742801666,0.11299826204776764,0.10897357016801834
P03,70,-0.03816628456115723,-0.03563952073454857,0.008559214882552624,-0.08741854876279831
P04,70,0.08824322372674942,0.2652105391025543,0.04114735871553421,-0.04162820801138878
P05,70,0.06622561812400818,-0.08835361897945404,-0.06730081886053085,0.35433128476142883
P06,70,0.25475749373435974,0.34551379084587097,0.21265296638011932,0.20610573887825012
P07,70,0.20200826227664948,0.33240044116973877,0.11741305887699127,0.15621131658554077
P08,70,0.1576724499464035,0.45453914999961853,-0.005058852955698967,0.0235370472073555
P09,70,0.15616358816623688,0.4405297040939331,0.07464703172445297,-0.046685975044965744
P01,71,0.2416871339082718,0.356254518032074,0.29934701323509216,0.06945990771055222
P02,71,0.07391357421875,0.046974122524261475,0.037436194717884064,0.13733039796352386
P03,71,-0.011260926723480225,0.2185613214969635,0.0783177986741066,-0.3306618928909302
P04,71,0.1036396324634552,0.11899890750646591,0.16685844957828522,0.025061551481485367
P05,71,0.06324587017297745,-0.014923011884093285,0.03103344887495041,0.17362716794013977
P06,71,-0.09218583256006241,-0.09130383282899857,-0.037668753415346146,-0.14758490025997162
P07,71,0.06402993202209473,0.24739757180213928,-0.12958143651485443,0.07427365332841873
P08,71,-0.14605280756950378,-0.049748413264751434,-0.040675051510334015,-0.3477349579334259
P09,71,0.09065558761358261,0.38735848665237427,-0.0030223210342228413,-0.11236942559480667
P01,72,0.31911131739616394,0.22074049711227417,0.2933226227760315,0.4432707726955414
P02,72,0.0747704803943634,0.24891825020313263,0.17041578888893127,-0.1950226128101349
P03,72,-0.07832102477550507,-0.10580641776323318,-0.029679616913199425,-0.09947703778743744
P04,72,0.2890337407588959,0.3559197783470154,0.23975645005702972,0.27142494916915894
P05,72,0.12480026483535767,0.1448678970336914,0.0037918169982731342,0.22574107348918915
P06,72,0.12253477424383163,0.25452813506126404,-0.059712059795856476,0.17278823256492615
P07,72,0.19319236278533936,0.18322207033634186,0.09076574444770813,0.3055892288684845
P08,72,0.2149617075920105,0.3384007513523102,0.19088509678840637,0.11559925973415375
P09,72,0.0728616714477539,-0.030662385746836662,0.02707613632082939,0.22217126190662384
P01,73,-0.020758425816893578,-0.1662415862083435,0.24776244163513184,-0.1437961310148239
P02,73,-0.059635311365127563,0.10230544209480286,-0.02755163051187992,-0.25365975499153137
P03,73,-0.06017807498574257,-0.20928093791007996,0.21417953073978424,-0.1854328215122223
P04,73,0.1441752165555954,0.12353631854057312,0.29923704266548157,0.009752287529408932
P05,73,0.14084474742412567,0.218391552567482,0.28925085067749023,-0.08510815352201462
P06,73,0.19102780520915985,0.23674948513507843,0.1936485320329666,0.14268538355827332
P07,73,0.06306523829698563,0.13427935540676117,-0.03213725984096527,0.08705362677574158
P08,73,0.19556565582752228,0.15553174912929535,0.30581918358802795,0.1253460794687271
P09,73,0.1067599281668663,0.10800925642251968,0.18954762816429138,0.02272290736436844
P01,74,0.16478946805000305,0.04329879209399223,0.23858661949634552,0.2124829888343811
P02,74,0.36565741896629333,0.27287808060646057,0.504899799823761,0.31919434666633606
P03,74,-0.04446836933493614,0.15216700732707977,0.04206937178969383,-0.32764148712158203
P04,74,0.15748591721057892,0.2576707601547241,0.25331011414527893,-0.03852306306362152
P05,74,0.03885490074753761,0.1030215471982956,0.012817748822271824,0.000725413381587714
P06,74,0.21468736231327057,-0.0004161497054155916,0.4651414155960083,0.17933684587478638
P07,74,0.03403054177761078,0.028832001611590385,-0.05027236044406891,0.12353198230266571
P08,74,0.029601097106933594,-0.10961712896823883,0.1308385580778122,0.06758186221122742
P09,74,0.17594678699970245,0.11789054423570633,0.3797016739845276,0.030248191207647324
P01,75,-0.058805208653211594,0.1516081541776657,-0.10692107677459717,-0.22110269963741302
P02,75,-0.03212063014507294,-0.11805304884910583,0.008433492854237556,0.013257668353617191
P03,75,0.0014070520410314202,-0.10252387076616287,0.02522869035601616,0.0815163403749466
P04,75,0.037819668650627136,0.08928930014371872,0.1664184033870697,-0.1422487050294876
P05,75,0.13098450005054474,0.10292038321495056,0.04640002176165581,0.24363309144973755
P06,75,0.02317599207162857,-0.009906879626214504,-0.08684612810611725,0.16628098487854004
P07,75,0.13652604818344116,0.0876174122095108,0.11192015558481216,0.21004056930541992
P08,75,-0.05997977778315544,0.08476733416318893,0.13384275138378143,-0.3985494077205658
P09,75,0.08238977938890457,0.0590248666703701,0.058309197425842285,0.12983526289463043
P01,76,0.15239687263965607,0.043054379522800446,0.22281292080879211,0.19132332503795624
P02,76,0.08395940810441971,-0.14420588314533234,0.3397771716117859,0.056306954473257065
P03,76,-0.062027543783187866,-0.24204440414905548,0.2996317446231842,-0.24366997182369232
P04,76,-0.062091436237096786,-0.3530999422073364,0.03253669664263725,0.13428895175457
P05,76,0.2014477252960205,0.068822480738163,0.18529470264911652,0.35022595524787903
P06,76,0.10289022326469421,0.19095048308372498,-0.0513414703309536,0.16906166076660156
P07,76,0.1283213049173355,0.21560081839561462,0.07559674233198166,0.09376632422208786
P08,76,0.10854422301054001,0.0402088388800621,0.11676850914955139,0.16865530610084534
P09,76,0.2379276305437088,0.011539431288838387,0.29142671823501587,0.4108167886734009
P01,77,0.03736088052392006,0.21080732345581055,0.06184520199894905,-0.16056989133358002
P02,77,0.030311355367302895,0.04943334311246872,0.2096363753080368,-0.1681356430053711
P03,77,0.03318987414240837,-0.0085182785987854,0.15803293883800507,-0.04994503781199455
P04,77,0.0774473175406456,0.022380543872714043,0.17737852036952972,0.032582882791757584
P05,77,-0.013128290884196758,0.1064477488398552,-0.03228987380862236,-0.11354275047779083
P06,77,0.11395443230867386,0.19625072181224823,0.3090108335018158,-0.16339823603630066
P07,77,-0.05362929776310921,-0.17259135842323303,0.006190975662320852,0.00551248574629426
P08,77,-0.08838806301355362,-0.055791813880205154,-0.07926221191883087,-0.13011018931865692
P09,77,-0.029373714700341225,0.1964057832956314,-0.06351525336503983,-0.2210116684436798
P01,78,0.05983178690075874,-0.05655307695269585,0.1899072527885437,0.04614119604229927
P02,78,0.0226732287555933,-0.08625360578298569,-0.030312323942780495,0.18458561599254608
P03,78,-0.18360157310962677,-0.19740737974643707,-0.15263311564922333,-0.2007642537355423
P04,78,-0.0008773356676101685,-0.008675869554281235,0.19897419214248657,-0.19293032586574554
P05,78,-0.006804188247770071,-0.12025202810764313,0.018480459228157997,0.08135900646448135
P06,78,0.08167731761932373,-0.14445780217647552,0.2016662061214447,0.18782354891300201
P07,78,-0.0781894400715828,-0.19152235984802246,-0.027642007917165756,-0.015403934754431248
P08,78,-0.018957722932100296,-0.08189970999956131,-0.024446411058306694,0.049472954124212265
P09,78,-0.03045368753373623,0.052904386073350906,0.16028234362602234,-0.3045477867126465
P01,79,0.1391029804944992,-0.014586981385946274,0.14626489579677582,0.285631000995636
P02,79,0.07844341546297073,0.10848086327314377,-0.04397956281900406,0.1708289533853531
P03,79,-0.13473929464817047,-0.1391657292842865,-0.2024700790643692,-0.06258206814527512
P04,79,-0.034233421087265015,-0.08556022495031357,0.09050153940916061,-0.10764157772064209
P05,79,0.020881952717900276,-0.13912826776504517,0.17865784466266632,0.023116283118724823
P06,79,-0.11228415369987488,-0.12216886132955551,-0.054919227957725525,-0.1597643792629242
P07,79,-0.00296638160943985,0.09252040833234787,-0.0151474354788661,-0.08627212047576904
P08,79,0.19779813289642334,0.22997067868709564,0.06746315211057663,0.29596060514450073
P09,79,0.05842089280486107,0.33065471053123474,-0.262271523475647,0.10687948763370514
P01,80,0.09495548158884048,-0.022018158808350563,0.2981891632080078,0.008695468306541443
P02,80,0.04777102544903755,-0.06673549115657806,0.018355177715420723,0.19169339537620544
P03,80,0.11887005716562271,-0.015458392910659313,0.30189383029937744,0.07017476111650467
P04,80,0.14023084938526154,-0.10729381442070007,0.35778918862342834,0.17019720375537872
P05,80,0.019133547320961952,-0.17320281267166138,-0.12786845862865448,0.35847193002700806
P06,80,0.00843221414834261,0.047172654420137405,0.09637129306793213,-0.11824730038642883
P07,80,0.034903645515441895,-0.03757263720035553,0.08162585645914078,0.060657717287540436
P08,80,-0.006169378757476807,-0.0538969449698925,0.22459563612937927,-0.1892068237066269
P09,80,0.09043093770742416,0.04096562787890434,0.19348163902759552,0.03684553876519203
P01,81,0.0648903176188469,-0.20422397553920746,0.36706382036209106,0.03183111175894737
P02,81,0.013361741788685322,-0.15774878859519958,0.4198734164237976,-0.22203940153121948
P03,81,-0.15341824293136597,-0.06499703228473663,-0.2879624366760254,-0.10729525983333588
P04,81,0.2165636569261551,-0.018235841765999794,0.4472168982028961,0.22070994973182678
P05,81,-0.035666368901729584,-0.2572455108165741,0.13030605018138885,0.01994035206735134
P06,81,0.023905381560325623,-0.06511465460062027,0.04711493104696274,0.0897158682346344
P07,81,0.08667246252298355,-0.1731899231672287,0.27314865589141846,0.1600586473941803
P08,81,-0.10036400705575943,-0.27223479747772217,0.21810442209243774,-0.24696165323257446
P09,81,0.06602664291858673,0.03823556378483772,0.19535179436206818,-0.03550742194056511
P01,82,0.10029412060976028,-0.25844764709472656,0.3260984420776367,0.2332315742969513
P02,82,0.1113061010837555,0.21434669196605682,0.07256217300891876,0.04700944572687149
P03,82,-0.06681187450885773,-0.15126530826091766,-0.0886385589838028,0.039468247443437576
P04,82,-0.01567717082798481,-0.15327101945877075,0.11406005173921585,-0.007820546627044678
P05,82,-0.1001662015914917,-0.1133088544011116,-0.12649115920066833,-0.06069858372211456
P06,82,0.16687555611133575,-0.14929081499576569,0.3100385069847107,0.33987897634506226
P07,82,0.03945639356970787,-0.10661757737398148,-0.023676995187997818,0.2486637532711029
P08,82,0.12728044390678406,-0.0021212596911937,0.3295341730117798,0.05442841723561287
P09,82,0.07716066390275955,0.010750112123787403,0.2168901115655899,0.003841773606836796
P01,83,0.03547118604183197,-0.07059630751609802,0.031452979892492294,0.14555688202381134
P02,83,-0.13692164421081543,-0.0988231971859932,-0.31068655848503113,-0.0012551824329420924
P03,83,-0.05947306752204895,-0.0725129023194313,-0.13075581192970276,0.024849509820342064
P04,83,0.14842945337295532,-0.04322601854801178,0.30215492844581604,0.1863594502210617
P05,83,0.04431356117129326,0.003882559249177575,-0.18155330419540405,0.31061142683029175
P06,83,-0.06599773466587067,-0.11361677199602127,0.10929278284311295,-0.19366921484470367
P07,83,0.2140512466430664,-0.10372220724821091,0.3083719313144684,0.43750399351119995
P08,83,0.01038228441029787,-0.084538534283638,0.18131081759929657,-0.06562542915344238
P09,83,0.0710260346531868,-0.2074299454689026,0.1553487777709961,0.2651592791080475
P01,84,0.010341587476432323,-0.25901734828948975,0.3068130612373352,-0.016770951449871063
P02,84,0.002860613400116563,0.09167247265577316,-0.08355335891246796,0.0004627267480827868
P03,84,0.028209874406456947,0.20603695511817932,0.048931367695331573,-0.1703386902809143
P04,84,0.10389497131109238,0.18683812022209167,0.19265134632587433,-0.06780458241701126
P05,84,-0.1512993574142456,-0.2457389235496521,-0.3840477764606476,0.17588864266872406
P06,84,0.012448258697986603,0.05943574011325836,0.10217271000146866,-0.12426368147134781
P07,84,-0.05215459689497948,-0.2926415801048279,-0.05528416484594345,0.1914619654417038
P08,84,0.07051686197519302,0.04763198271393776,-0.04171162471175194,0.20563024282455444
P09,84,0.07879068702459335,-0.15571601688861847,0.15631729364395142,0.23577077686786652
P01,85,-0.03272698074579239,0.02580716647207737,0.04392581805586815,-0.16791392862796783
P02,85,-0.05005514621734619,0.03915886953473091,-0.12471266090869904,-0.06461164355278015
P03,85,-0.1727401614189148,-0.3080327808856964,0.18478216230869293,-0.3949698805809021
P04,85,0.14860306680202484,0.34230345487594604,0.19184017181396484,-0.08833441138267517
P05,85,-0.068639375269413,-0.14576281607151031,0.040171779692173004,-0.10032709687948227
P06,85,0.11642950028181076,0.09068506211042404,0.08172404766082764,0.1768793761730194
P07,85,-0.033427800983190536,0.06492117047309875,0.18413282930850983,-0.3493373990058899
P08,85,2.8970341645617737e-06,-0.049724824726581573,0.07763998955488205,-0.027906473726034164
P09,85,0.007608989719301462,0.04362344369292259,0.2663991153240204,-0.2871955931186676
P01,86,-0.06683070212602615,0.1422186940908432,-0.3664027452468872,0.023691946640610695
P02,86,0.21449215710163116,0.3032105267047882,0.16692113876342773,0.17334479093551636
P03,86,-0.07741915434598923,-0.2061285376548767,-0.009825785644352436,-0.01630314812064171
P04,86,0.1002311185002327,-0.052206940948963165,0.2469434291124344,0.10595687478780746
P05,86,0.25402387976646423,0.2668333053588867,0.2128758579492569,0.2823624312877655
P06,86,0.09804145246744156,0.24368199706077576,0.23927511274814606,-0.18883277475833893
P07,86,0.11304426938295364,0.12329588085412979,0.16976165771484375,0.04607529565691948
P08,86,0.09678006172180176,0.059331752359867096,0.003918251488357782,0.22709017992019653
P09,86,0.054581355303525925,-0.15084227919578552,-0.12215199321508408,0.43673834204673767
P01,87,0.021714748814702034,0.0011106848251074553,0.14997448027133942,-0.08594091981649399
P02,87,0.032760124653577805,0.2693444788455963,0.1652819663286209,-0.3363460898399353
P03,87,-0.07049735635519028,-0.09106616675853729,-0.16797895729541779,0.04755304381251335
P04,87,0.14199607074260712,0.11016616225242615,-0.04472268372774124,0.36054471135139465
P05,87,0.11196964979171753,0.31824398040771484,-0.1932201087474823,0.21088509261608124
P06,87,0.017527110874652863,0.1762828677892685,-0.1279098093509674,0.0042082746513187885
P07,87,0.11034470796585083,0.2812243402004242,0.0016132722375914454,0.04819651320576668
P08,87,-0.08086729794740677,-0.0675111636519432,0.12178371846675873,-0.296874463558197
P09,87,0.1402108520269394,0.2631358504295349,0.15815715491771698,-0.0006604731315746903
P01,88,0.0009285509586334229,0.10844540596008301,0.15893176198005676,-0.2645915150642395
P02,88,0.1193179115653038,0.17463773488998413,0.0012032429222017527,0.18211276829242706
P03,88,0.2853914499282837,0.2515285313129425,0.3416580557823181,0.2629877030849457
P04,88,0.13880479335784912,0.18255840241909027,0.2622328996658325,-0.028376929461956024
P05,88,0.08235207945108414,-0.05672065168619156,0.2774011194705963,0.026375778019428253
P06,88,0.23112191259860992,0.31337273120880127,0.17688651382923126,0.20310650765895844
P07,88,0.09237945079803467,0.12895038723945618,-0.025951283052563667,0.17413926124572754
P08,88,0.23499421775341034,0.07159299403429031,0.1909748911857605,0.442414790391922
P09,88,0.3419177532196045,0.27506324648857117,0.4217919707298279,0.32889801263809204
P01,89,0.10169100761413574,0.062096647918224335,0.23338937759399414,0.009586984291672707
P02,89,0.18670833110809326,0.061390288174152374,0.22833137214183807,0.27040335536003113
P03,89,0.15728361904621124,0.33322206139564514,-0.03729332983493805,0.17592215538024902
P04,89,-0.01291669625788927,0.14058156311511993,-0.2833534777164459,0.1040218248963356
P05,89,-0.06452597677707672,0.05032448098063469,-0.10044113546609879,-0.14346127212047577
P06,89,0.06688123196363449,0.2592008411884308,-0.04018073529005051,-0.01837640069425106
P07,89,0.02286868542432785,0.03613211214542389,0.1338171809911728,-0.10134323686361313
P08,89,0.06974561512470245,0.004618621896952391,0.16112008690834045,0.043498143553733826
P09,89,0.040332693606615067,0.20847319066524506,-0.09933480620384216,0.011859702877700329
P01,90,0.11292868852615356,0.055709585547447205,0.14594967663288116,0.13712678849697113
P02,90,0.0825326144695282,0.14132794737815857,0.0496164970099926,0.05665339529514313
P03,90,0.16890068352222443,0.09981774538755417,0.3567171096801758,0.05016722530126572
P04,90,0.17726679146289825,0.21636022627353668,0.16887563467025757,0.1465645134449005
P05,90,0.22224442660808563,0.15855365991592407,0.39628568291664124,0.1118939220905304
P06,90,0.04105816408991814,0.05100122466683388,0.06687092781066895,0.005302337929606438
P07,90,-0.03915616497397423,-0.38549432158470154,0.18323686718940735,0.08478895574808121
P08,90,0.19082139432430267,0.25480565428733826,0.37632015347480774,-0.05866166576743126
P09,90,0.09543463587760925,0.08176963031291962,0.10647494345903397,0.09805933386087418
P01,91,0.014816896058619022,-0.0465400293469429,0.011874656192958355,0.07911606132984161
P02,91,0.04153051972389221,0.031231660395860672,0.04199153184890747,0.05136837437748909
P03,91,0.1950163096189499,0.20975786447525024,0.1290246844291687,0.24626639485359192
P04,91,0.16892385482788086,0.23442724347114563,0.049874886870384216,0.22246946394443512
P05,91,0.020791135728359222,-0.22800247371196747,0.21652625501155853,0.0738496258854866
P06,91,0.13772667944431305,0.2717849016189575,-0.061952266842126846,0.20334739983081818
P07,91,0.015619009733200073,0.17054501175880432,0.09747204929590225,-0.22116002440452576
P08,91,0.004689703229814768,0.09606585651636124,0.2109454721212387,-0.29294222593307495
P09,91,-0.04417441785335541,0.01652676798403263,0.013209933415055275,-0.16225995123386383
P01,92,-0.10925561189651489,-0.07570375502109528,-0.1719338297843933,-0.08012925833463669
P02,92,0.07642082124948502,0.3269060254096985,-0.06539515405893326,-0.03224841132760048
P03,92,0.009631813503801823,0.04101455211639404,-0.01780371181666851,0.0056846002116799355
P04,92,0.03806528076529503,0.24206380546092987,-0.07501520961523056,-0.05285275727510452
P05,92,0.0582321472465992,0.0620955228805542,0.1386127471923828,-0.026011817157268524
P06,92,0.13398271799087524,0.2220347374677658,0.043768998235464096,0.13614442944526672
P07,92,0.10982028394937515,0.13625097274780273,0.27214667201042175,-0.07893680036067963
P08,92,-0.06451829522848129,0.18509595096111298,-0.21716970205307007,-0.1614811271429062
P09,92,-0.00786454975605011,0.14993299543857574,-0.33233171701431274,0.15880507230758667
P01,93,0.1114712581038475,-0.13812561333179474,0.3022140860557556,0.17032530903816223
P02,93,0.1358138471841812,-0.07187679409980774,0.26620805263519287,0.2131102979183197
P03,93,0.18564222753047943,0.10814616084098816,0.26185184717178345,0.1869286447763443
P04,93,0.02226969040930271,-0.030479522421956062,0.22771048545837402,-0.13042189180850983
P05,93,0.11421678215265274,0.18913380801677704,-0.06039770320057869,0.21391423046588898
P06,93,-0.056283727288246155,0.050497040152549744,-0.15244551002979279,-0.06690271198749542
P07,93,0.10836729407310486,0.2053300440311432,-0.08858146518468857,0.20835329592227936
P08,93,0.2938426733016968,0.41618701815605164,0.3511367738246918,0.11420420557260513
P09,93,0.1438823938369751,0.05162401869893074,0.3362573981285095,0.04376574605703354
P01,94,-0.04652253910899162,-0.07789380103349686,-0.06510034203529358,0.0034265280701220036
P02,94,0.14274071156978607,0.17388127744197845,0.06544843316078186,0.1888924092054367
P03,94,-0.011669415049254894,0.18894632160663605,-0.19274547696113586,-0.031209086999297142
P04,94,0.12151486426591873,0.2672455608844757,0.09270291775465012,0.004596102051436901
P05,94,-0.1596893072128296,-0.10070182383060455,-0.13661760091781616,-0.24174849689006805
P06,94,0.034708183258771896,0.11020299047231674,-0.16361071169376373,0.15753227472305298
P07,94,0.006623764988034964,0.18557476997375488,0.15085023641586304,-0.3165537118911743
P08,94,0.0274843480437994,0.04640718176960945,-0.008665676228702068,0.044711533933877945
P09,94,0.03973846882581711,0.07873823493719101,-0.17700526118278503,0.21748243272304535
P01,95,-0.06970583647489548,-0.2137431502342224,0.08726987987756729,-0.08264422416687012
P02,95,0.133919358253479,0.0903438851237297,0.1639116257429123,0.1475025713443756
P03,95,0.08673713356256485,0.13829730451107025,0.28369539976119995,-0.16178129613399506
P04,95,0.052550192922353745,0.30606141686439514,0.09400267899036407,-0.24241353571414948
P05,95,0.007380720227956772,0.08063057065010071,-0.012881811708211899,-0.045606594532728195
P06,95,0.2027975171804428,0.37741613388061523,0.28841832280158997,-0.05744187906384468
P07,95,0.1171208992600441,0.09961829334497452,0.03281443938612938,0.21892999112606049
P08,95,0.06250086426734924,0.16701006889343262,0.15900127589702606,-0.13850876688957214
P09,95,0.1736406534910202,0.20382662117481232,0.40049025416374207,-0.08339495211839676
P01,96,0.06637116521596909,0.11664117127656937,-0.1789543479681015,0.2614266574382782
P02,96,-0.0021097760181874037,-0.1689831167459488,-0.019060874357819557,0.18171466886997223
P03,96,-0.13613386452198029,-0.09263170510530472,-0.10082966834306717,-0.21494023501873016
P04,96,0.09451279789209366,0.06822309643030167,0.0538090318441391,0.1615062803030014
P05,96,0.09854603558778763,-0.04774261638522148,0.2839661240577698,0.05941462144255638
P06,96,0.014832000248134136,-0.18738575279712677,0.043738920241594315,0.1881428360939026
P07,96,0.05959600582718849,0.13875849545001984,-0.09192004799842834,0.13194957375526428
P08,96,0.2075899839401245,0.17490553855895996,0.1633317917585373,0.2845326364040375
P09,96,0.06732207536697388,0.13615387678146362,0.1171925738453865,-0.0513802133500576
P01,97,0.15103691816329956,0.24762515723705292,0.3252035677433014,-0.11971797049045563
P02,97,0.18260668218135834,0.05822190269827843,0.5411427021026611,-0.051544539630413055
P03,97,0.33370324969291687,0.5456901788711548,0.4586668312549591,-0.0032472689636051655
P04,97,0.33928558230400085,0.494794636964798,0.48721492290496826,0.03584722802042961
P05,97,0.280699759721756,0.5398609042167664,0.25420957803726196,0.04802880436182022
P06,97,0.2878153622150421,0.4835541546344757,0.30288949608802795,0.0770023837685585
P07,97,0.1882292479276657,0.2348848134279251,0.3776199519634247,-0.04781702533364296
P08,97,0.22643327713012695,0.4848615527153015,0.217776820063591,-0.02333853952586651
P09,97,0.2950671911239624,0.31589215993881226,0.38060683012008667,0.1887025535106659
P01,98,-0.13052010536193848,-0.3040901720523834,0.12518617510795593,-0.21265630424022675
P02,98,-0.030237453058362007,0.20306743681430817,-0.08774472028017044,-0.2060350775718689
P03,98,-0.08433115482330322,-0.1114720031619072,0.0017938216915354133,-0.14331527054309845
P04,98,0.04480094090104103,0.1661255955696106,-0.037054553627967834,0.005331786349415779
P05,98,0.038070157170295715,0.03705031797289848,0.2005065232515335,-0.12334637343883514
P06,98,0.07200516015291214,0.12045358121395111,0.2773890793323517,-0.18182715773582458
P07,98,-0.0007209380273707211,0.2534782290458679,0.006001712754368782,-0.2616427540779114
P08,98,0.056076448410749435,0.2111464887857437,-0.10603751987218857,0.06312038004398346
P09,98,0.10601811856031418,0.06187177821993828,0.2233297973871231,0.03285277262330055
P01,99,0.028558999300003052,-0.13539911806583405,0.37011802196502686,-0.14904190599918365
P02,99,0.04384564235806465,-0.007351521868258715,0.15971283614635468,-0.02082439325749874
P03,99,0.057337623089551926,-0.3377871811389923,0.45147132873535156,0.05832871049642563
P04,99,0.20614969730377197,0.08873661607503891,0.4253225326538086,0.104389987885952
P05,99,-0.07090460509061813,-0.1852426677942276,0.16982929408550262,-0.19730044901371002
P06,99,0.21004630625247955,0.11589368432760239,0.3034166991710663,0.21082855761051178
P07,99,0.06367380917072296,0.0026480357628315687,0.13596540689468384,0.05240797996520996
P08,99,0.17900311946868896,0.029566237702965736,0.2793254256248474,0.22811773419380188
P09,99,-0.19101549685001373,-0.03998091071844101,-0.49240800738334656,-0.040657561272382736
P01,100,0.0403776578605175,-0.06795105338096619,0.027765102684497833,0.16131892800331116
P02,100,0.051740389317274094,0.1369623839855194,0.09286196529865265,-0.07460319250822067
P03,100,-0.0010679463157430291,0.004582315683364868,0.15882335603237152,-0.1666095107793808
P04,100,-0.15067856013774872,-0.44601771235466003,0.06391104310750961,-0.06992900371551514
P05,100,0.05255671218037605,0.11675923317670822,0.20271816849708557,-0.16180726885795593
P06,100,0.04772249981760979,0.20685863494873047,-0.023511111736297607,-0.0401800237596035
P07,100,-0.14192362129688263,0.06537633389234543,-0.05070395767688751,-0.4404432475566864
P08,100,0.062109123915433884,0.02489488571882248,0.15740540623664856,0.004027072805911303
P09,100,0.10248661786317825,-0.03891165554523468,0.10052037239074707,0.24585114419460297
P01,101,0.10046478360891342,0.12034063041210175,-0.027501804754137993,0.20855550467967987
P02,101,0.01371328067034483,-0.059827130287885666,-0.08527844399213791,0.1862454116344452
P03,101,0.15548931062221527,-0.05103731155395508,0.06653282046318054,0.45097243785858154
P04,101,0.08950576931238174,-0.05486336722970009,0.07122033089399338,0.25216034054756165
P05,101,-0.11259614676237106,-0.15626898407936096,0.08434198051691055,-0.2658614218235016
P06,101,0.1782291680574417,0.19755487143993378,0.013942541554570198,0.3231901228427887
P07,101,0.16787980496883392,0.22730129957199097,0.11905055493116379,0.15728755295276642
P08,101,0.06155690550804138,-0.013108952902257442,0.13645203411579132,0.06132763996720314
P09,101,-0.053600359708070755,-0.17581059038639069,0.041504304856061935,-0.026494797319173813
P01,102,-0.05150185897946358,0.19686929881572723,0.051754578948020935,-0.4031294584274292
P02,102,-0.05631021037697792,0.03502926975488663,-0.00588569650426507,-0.19807420670986176
P03,102,0.07439934462308884,0.050299517810344696,0.26768189668655396,-0.09478340297937393
P04,102,-0.09648790210485458,-0.04551374167203903,-0.16035589575767517,-0.08359403908252716
P05,102,-0.13159939646720886,0.09882402420043945,-0.3347419798374176,-0.15888023376464844
P06,102,-0.002036822261288762,0.09398676455020905,-0.1502385139465332,0.05014128237962723
P07,102,-0.0687866136431694,-0.15721167623996735,0.07601620256900787,-0.12516435980796814
P08,102,0.029849430546164513,0.05664583668112755,-0.10412301123142242,0.13702546060085297
P09,102,0.0993439257144928,0.19100670516490936,0.13809949159622192,-0.031074434518814087
P01,103,-0.040296997874975204,-0.16743114590644836,-0.01748226396739483,0.06402241438627243
P02,103,-0.034776393324136734,0.15399935841560364,-0.2077377289533615,-0.050590816885232925
P03,103,0.01998032070696354,-0.11586944013834,-0.13241130113601685,0.308221697807312
P04,103,0.054705772548913956,0.07649647444486618,0.09900509566068649,-0.011384248733520508
P05,103,0.039241973310709,0.09343282133340836,-0.05435847491025925,0.07865156978368759
P06,103,-0.054451119154691696,0.09439115226268768,-0.016505548730492592,-0.24123896658420563
P07,103,0.06778302043676376,-0.02896738238632679,0.052019715309143066,0.18029673397541046
P08,103,0.01565350592136383,-0.00826044101268053,0.0005809029098600149,0.05464005470275879
P09,103,0.10096600651741028,-0.08861665427684784,0.07170964777469635,0.3198050260543823
P01,104,-0.13775193691253662,-0.05059399455785751,-0.16081933677196503,-0.20184248685836792
P02,104,0.06498110294342041,-0.032202135771512985,0.0573713518679142,0.1697741001844406
P03,104,0.08537483215332031,0.00965960044413805,0.06435896456241608,0.18210594356060028
P04,104,-0.0691361129283905,-0.09194919466972351,0.04054161533713341,-0.1560007631778717
P05,104,-0.10848649591207504,-0.07532650977373123,-0.3366413414478302,0.0865083709359169
P06,104,-0.07088635116815567,-0.08934149891138077,-0.05236059054732323,-0.07095696032047272
P07,104,0.041187409311532974,-0.14670899510383606,0.1332809329032898,0.13699029386043549
P08,104,-0.07984796166419983,-0.08497633039951324,-0.1694600135087967,0.01489245519042015
P09,104,-0.03141632303595543,0.05700571462512016,0.008534717373549938,-0.15978939831256866
P01,105,0.2571777105331421,0.2467297464609146,0.15138965845108032,0.37341371178627014
P02,105,0.2026679515838623,0.2806626856327057,0.08812151849269867,0.23921968042850494
P03,105,0.14355655014514923,0.061384160071611404,0.036925800144672394,0.3323597013950348
P04,105,0.07631246745586395,0.05811326578259468,0.05606800690293312,0.11475612968206406
P05,105,0.24121761322021484,0.12495681643486023,0.3363184630870819,0.2623775899410248
P06,105,0.205080047249794,0.31020623445510864,0.15360981225967407,0.1514241248369217
P07,105,0.20814651250839233,0.22073182463645935,0.32993361353874207,0.07377409189939499
P08,105,0.1834837943315506,0.2373320609331131,0.3756672441959381,-0.06254792958498001
P09,105,0.24642471969127655,0.12827597558498383,0.34610238671302795,0.2648957669734955
P01,106,-0.06497681885957718,-0.18041084706783295,-0.05537969246506691,0.04086007550358772
P02,106,0.10405570268630981,0.03490607067942619,0.1419554054737091,0.13530561327934265
P03,106,0.046584948897361755,0.011754250153899193,-0.1458585113286972,0.2738591134548187
P04,106,0.09155336767435074,0.11278199404478073,0.09672234952449799,0.0651557594537735
P05,106,0.018763521686196327,-0.2811090350151062,0.06767075508832932,0.2697288393974304
P06,106,-0.05889548733830452,-0.21731805801391602,0.07661853730678558,-0.035986945033073425
P07,106,0.08067698031663895,-0.12936310470104218,-0.09614240378141403,0.46753644943237305
P08,106,-0.03435142710804939,-0.17406482994556427,-0.06205695867538452,0.13306750357151031
P09,106,-0.05782416835427284,-0.04290525242686272,0.11969351023435593,-0.25026077032089233
P01,107,-0.018956070765852928,0.27805519104003906,-0.07917685806751251,-0.2557465434074402
P02,107,0.09165821224451065,-0.04627510532736778,0.05117065832018852,0.270079106092453
P03,107,0.010392974130809307,0.2101384699344635,0.06379745155572891,-0.24275699257850647
P04,107,0.0758189782500267,0.058324988931417465,0.24981899559497833,-0.08068705350160599
P05,107,-0.13916027545928955,-0.09117081016302109,-0.13091187179088593,-0.19539815187454224
P06,107,-0.10647211223840714,-0.2688555419445038,0.024097105488181114,-0.07465788722038269
P07,107,-0.14814016222953796,-0.36594679951667786,-0.05222230777144432,-0.02625136263668537
P08,107,-0.0331205353140831,0.0927082821726799,-0.13877402245998383,-0.053295865654945374
P09,107,0.03409886732697487,0.012857274152338505,0.22928227484226227,-0.1398429423570633
P01,108,-0.03791915997862816,0.13954530656337738,-0.1716238111257553,-0.08167897909879684
P02,108,-0.12479306012392044,-0.11210162937641144,-0.16242742538452148,-0.09985014796257019
P03,108,-0.0877128466963768,0.026119587942957878,0.08345910161733627,-0.3727172315120697
P04,108,-0.029407916590571404,0.1895541101694107,-0.12060461193323135,-0.1571732461452484
P05,108,-0.13630110025405884,-0.06603743880987167,-0.13541463017463684,-0.2074512094259262
P06,108,-0.06541182845830917,0.18260399997234344,-0.1977224200963974,-0.18111705780029297
P07,108,-0.19012761116027832,0.12798118591308594,-0.2146814614534378,-0.4836825430393219
P08,108,-0.018665557727217674,0.13930167257785797,-0.03690161928534508,-0.15839672088623047
P09,108,-0.038017112761735916,0.15282967686653137,-0.11801554262638092,-0.1488654762506485
P01,109,-0.1417544037103653,-0.10979355126619339,-0.030732663348317146,-0.2847369909286499
P02,109,0.14411841332912445,0.19215218722820282,-0.034794408828020096,0.27499744296073914
P03,109,0.17528951168060303,0.17920471727848053,0.23654086887836456,0.11012294888496399
P04,109,0.0846516415476799,0.22921887040138245,0.06167645379900932,-0.03694038465619087
P05,109,0.15947988629341125,0.4375077188014984,-0.021743254736065865,0.06267520040273666
P06,109,-0.041045110672712326,0.151164248585701,-0.08193978667259216,-0.1923597902059555
P07,109,-0.009000547230243683,0.2614826261997223,-0.30519726872444153,0.01671300083398819
P08,109,0.07883840054273605,0.35785526037216187,0.07158084213733673,-0.19292089343070984
P09,109,0.031685810536146164,-0.031162802129983902,0.2329818308353424,-0.10676159709692001
P01,110,0.016532624140381813,0.047048989683389664,0.23050488531589508,-0.22795601189136505
P02,110,0.21060596406459808,0.2507823705673218,0.2799934148788452,0.10104208439588547
P03,110,0.007118562702089548,-0.061495885252952576,0.37472179532051086,-0.29187023639678955
P04,110,0.1782216876745224,0.22802022099494934,0.1275261640548706,0.17911867797374725
P05,110,0.10380694270133972,-0.06918217986822128,0.4667634069919586,-0.08616039156913757
P06,110,0.03351511061191559,0.2836216390132904,-0.22068211436271667,0.037605803459882736
P07,110,0.2784394323825836,0.14160996675491333,0.4539063274860382,0.23980192840099335
P08,110,0.15519438683986664,0.24965450167655945,0.1812247484922409,0.03470392897725105
P09,110,0.1270190328359604,0.153513565659523,0.2570832371711731,-0.029539693146944046
P01,111,0.0913337990641594,0.17179857194423676,-0.07997717708349228,0.1821799874305725
P02,111,0.15573929250240326,-0.10916896909475327,0.17848443984985352,0.39790239930152893
P03,111,0.1789633184671402,0.23187382519245148,0.07458452880382538,0.23043161630630493
P04,111,0.12321826070547104,0.2720976173877716,-0.15810976922512054,0.25566691160202026
P05,111,0.14100603759288788,0.24124693870544434,0.20911911129951477,-0.027347944676876068
P06,111,0.10476269572973251,-0.11569543927907944,0.32756856083869934,0.10241495817899704
P07,111,0.11505123227834702,-0.04993799701333046,0.15714213252067566,0.23794956505298615
P08,111,0.195024773478508,0.3055844008922577,0.18151776492595673,0.09797215461730957
P09,111,0.12689749896526337,0.24532808363437653,-0.008920600637793541,0.14428497850894928
P01,112,0.12455030530691147,-0.03813889995217323,0.11916038393974304,0.2926294207572937
P02,112,-0.19111835956573486,-0.3997199237346649,-0.16058966517448425,-0.01304550189524889
P03,112,0.07743633538484573,0.12173347175121307,0.021268118172883987,0.08930743485689163
P04,112,0.004189424216747284,0.14117860794067383,-0.16906197369098663,0.04045163840055466
P05,112,0.2123369723558426,0.21694324910640717,0.16560503840446472,0.25446268916130066
P06,112,0.11062413454055786,0.07666802406311035,0.10920080542564392,0.1460035890340805
P07,112,0.15825960040092468,0.06711502373218536,0.07065080851316452,0.33701297640800476
P08,112,0.006902272347360849,0.11181462556123734,-0.03247924521565437,-0.05862855911254883
P09,112,0.16547749936580658,0.013204080052673817,0.25023582577705383,0.23299258947372437
P01,113,-0.006113430019468069,-0.07416673004627228,-0.18717354536056519,0.24299997091293335
P02,113,0.1505117565393448,0.16827824711799622,0.21412299573421478,0.06913404166698456
P03,113,0.17395050823688507,0.13200710713863373,0.06306342035531998,0.3267810046672821
P04,113,0.34370729327201843,0.2487194836139679,0.3885018229484558,0.3939005136489868
P05,113,0.210274338722229,0.40235963463783264,0.1582448035478592,0.07021856307983398
P06,113,0.12172538042068481,0.0823742225766182,0.1747284084558487,0.10807350277900696
P07,113,0.32184216380119324,0.17002421617507935,0.4095265567302704,0.38597574830055237
P08,113,0.25367501378059387,0.2716781497001648,0.21315835416316986,0.27618852257728577
P09,113,0.15795081853866577,-0.07354874908924103,0.28861236572265625,0.2587888240814209
P01,114,0.022503763437271118,0.14617642760276794,0.2199743539094925,-0.2986395061016083
P02,114,0.11565177887678146,0.24848800897598267,0.3150997459888458,-0.21663245558738708
P03,114,0.11241921037435532,0.3133832812309265,0.07104787975549698,-0.04717351496219635
P04,114,0.09516505151987076,0.11572753638029099,-0.06328623741865158,0.23305387794971466
P05,114,0.1607445478439331,0.09062277525663376,0.028288105502724648,0.36332276463508606
P06,114,0.16645841300487518,0.3629440367221832,0.2052782028913498,-0.06884699314832687
P07,114,0.06395719200372696,0.16814292967319489,0.29731836915016174,-0.27358973026275635
P08,114,0.18221251666545868,0.1620597243309021,0.008086730726063251,0.37649106979370117
P09,114,0.2219470739364624,0.2874740660190582,0.019020097330212593,0.35934707522392273
P01,115,-0.2782331705093384,-0.2536490857601166,-0.28181639313697815,-0.2992340326309204
P02,115,0.09856071323156357,0.2625623345375061,-0.13069522380828857,0.16381502151489258
P03,115,-0.008133967407047749,-0.10868986696004868,0.031238440424203873,0.053049519658088684
P04,115,0.09147534519433975,0.04491323605179787,0.06665203720331192,0.16286076605319977
P05,115,0.06762675195932388,0.21270684897899628,-0.19142724573612213,0.1816006451845169
P06,115,0.03892429545521736,0.04439609497785568,0.021684685721993446,0.0506921149790287
P07,115,0.014025631360709667,-0.10451735556125641,0.06453898549079895,0.08205526322126389
P08,115,0.04115304723381996,0.09331099689006805,0.16172195971012115,-0.13157381117343903
P09,115,0.06107071042060852,0.2306666076183319,-0.08851102739572525,0.04105653986334801
P01,116,-3.225519321858883e-05,0.09068654477596283,-0.09291481226682663,0.0021315019112080336
P02,116,0.12027070671319962,0.13940545916557312,0.21897099912166595,0.0024356921203434467
P03,116,0.08716388791799545,0.16078509390354156,0.0821436271071434,0.018562929704785347
P04,116,0.1345156580209732,0.10538619011640549,0.21074612438678741,0.08741467446088791
P05,116,0.17343151569366455,0.24793818593025208,0.08299882709980011,0.18935754895210266
P06,116,-0.048756618052721024,-0.002585967304185033,-0.06167920306324959,-0.08200468868017197
P07,116,0.05056842789053917,0.0828728973865509,0.0525759682059288,0.01625640131533146
P08,116,0.05098549649119377,0.02882036752998829,-0.030753429979085922,0.1548895537853241
P09,116,0.3411213457584381,0.47426190972328186,0.2833687961101532,0.2657333016395569
P01,117,0.1804066151380539,0.014882317744195461,0.28855034708976746,0.2377871870994568
P02,117,0.03473870828747749,0.03456926345825195,0.02275484800338745,0.04689200967550278
P03,117,0.15763844549655914,0.27257391810417175,0.07490670680999756,0.1254347264766693
P04,117,0.4802619516849518,0.4934479594230652,0.5253600478172302,0.4219779372215271
P05,117,0.2978774905204773,0.18108101189136505,0.3652537167072296,0.347297728061676
P06,117,0.21943102777004242,0.2586313486099243,0.45197728276252747,-0.05231550708413124
P07,117,0.17398613691329956,-0.015042873099446297,0.41645151376724243,0.1205497533082962
P08,117,0.1909971833229065,-0.04690206050872803,0.27852359414100647,0.34137001633644104
P09,117,0.35453876852989197,0.5680193305015564,0.1930205225944519,0.30257648229599
P01,118,0.1640012115240097,0.2906433045864105,0.08798231929540634,0.11337800323963165
P02,118,-0.20888888835906982,-0.11942863464355469,-0.2705530524253845,-0.23668496310710907
P03,118,-0.017481142655014992,-0.24560809135437012,0.21273460984230042,-0.019569944590330124
P04,118,0.1812361478805542,0.13321812450885773,0.11180240660905838,0.2986879050731659
P05,118,0.009726248681545258,-0.045004796236753464,0.15967778861522675,-0.08549424260854721
P06,118,0.17157262563705444,0.3025098443031311,0.3378644585609436,-0.12565644085407257
P07,118,0.21876008808612823,0.344941645860672,0.3805433511734009,-0.06920471042394638
P08,118,0.19018608331680298,0.09256937354803085,0.27784326672554016,0.20014561712741852
P09,118,0.26311424374580383,0.26240330934524536,0.27523180842399597,0.25170761346817017
P01,119,0.20465631783008575,0.03272357955574989,0.30078601837158203,0.28045934438705444
P02,119,0.11702069640159607,0.010909565724432468,0.08504178375005722,0.2551107406616211
P03,119,-0.06021707132458687,-0.35529014468193054,0.010385354049503803,0.16425356268882751
P04,119,0.10316109657287598,0.154616117477417,0.33179137110710144,-0.1769241988658905
P05,119,0.19680285453796387,0.05653493106365204,0.12681393325328827,0.4070597290992737
P06,119,0.28521206974983215,0.24029096961021423,0.3162933588027954,0.29905185103416443
P07,119,0.19562721252441406,0.0647667869925499,0.1280371993780136,0.39407768845558167
P08,119,0.3278253376483917,0.35935577750205994,0.3176265060901642,0.3064937889575958
P09,119,0.33160972595214844,0.18579913675785065,0.501318097114563,0.30771198868751526
P01,120,0.10462382435798645,0.18748614192008972,0.0036843796260654926,0.12270093709230423
P02,120,0.05732418969273567,0.30343613028526306,-0.030714375898241997,-0.10074920207262039
P03,120,-0.12423014640808105,-0.10042541474103928,0.1627292037010193,-0.4349942207336426
P04,120,0.22964470088481903,0.1401357352733612,0.3966505825519562,0.15214776992797852
P05,120,0.02511737309396267,-0.18281888961791992,0.2256309539079666,0.03254004940390587
P06,120,0.16748137772083282,0.06484959274530411,0.1700020432472229,0.26759254932403564
P07,120,0.17623335123062134,0.20529478788375854,0.22680851817131042,0.09659674018621445
P08,120,-0.09469974786043167,-0.19675026834011078,0.04538695886731148,-0.132735937833786
P09,120,0.25985386967658997,0.18433253467082977,0.3135063946247101,0.28172266483306885
P01,121,-0.02109571360051632,0.2566378712654114,0.02656959742307663,-0.3464946150779724
P02,121,-0.012964911758899689,0.040235742926597595,-0.12579800188541412,0.04666752368211746
P03,121,0.044214095920324326,0.26594117283821106,-0.25561732053756714,0.12231843173503876
P04,121,0.29040786623954773,0.36240354180336,0.20600253343582153,0.30281752347946167
P05,121,0.22250854969024658,0.1988259255886078,0.1707213968038559,0.29797831177711487
P06,121,0.1273583620786667,-0.050231412053108215,0.14223922789096832,0.29006728529930115
P07,121,0.19192008674144745,0.18077096343040466,0.0785137191414833,0.3164755403995514
P08,121,-0.007126403506845236,-0.1610686331987381,0.06903345137834549,0.07065597176551819
P09,121,0.12163262814283371,0.37322863936424255,0.1215570941567421,-0.12988784909248352
P01,122,0.031140128150582314,-0.11643063277006149,0.07680126279592514,0.13304975628852844
P02,122,0.03824273869395256,-0.05946825072169304,0.2935485243797302,-0.11935205012559891
P03,122,0.1347058266401291,0.11698708683252335,0.0999574214220047,0.18717297911643982
P04,122,0.08679571747779846,0.0069693406112492085,0.19180406630039215,0.06161372736096382
P05,122,-0.03299456462264061,-0.06480203568935394,0.0039000590331852436,-0.038081713020801544
P06,122,0.06963638216257095,-0.19979628920555115,0.4249012768268585,-0.016195833683013916
P07,122,0.17596113681793213,0.01990124024450779,0.14403413236141205,0.3639480471611023
P08,122,-0.015821954235434532,0.003897329093888402,0.23738856613636017,-0.2887517511844635
P09,122,0.04863031581044197,-0.032286252826452255,0.019220340996980667,0.1589568704366684
P01,123,-0.10035254806280136,0.0639239177107811,-0.35450562834739685,-0.010475929826498032
P02,123,-0.09256500750780106,-0.09413477778434753,-0.3322914242744446,0.14873117208480835
P03,123,0.030155828222632408,-0.07903812825679779,-0.017803657799959183,0.18730926513671875
P04,123,0.04672238603234291,-0.09538817405700684,0.03914676606655121,0.19640856981277466
P05,123,-0.11021827906370163,-0.08204510807991028,-0.10854355245828629,-0.14006617665290833
P06,123,0.012002107687294483,0.11922662705183029,-0.24403414130210876,0.1608138382434845
P07,123,0.14508770406246185,0.25081077218055725,-0.27639955282211304,0.46085187792778015
P08,123,0.11488036066293716,0.12427040934562683,-0.12190331518650055,0.342274010181427
P09,123,-0.03848583996295929,0.16946592926979065,-0.05999740585684776,-0.22492603957653046
P01,124,-0.15701790153980255,0.003022011136636138,-0.3098517656326294,-0.16422395408153534
P02,124,0.03921666368842125,-0.05447809770703316,0.10328911244869232,0.06883897632360458
P03,124,0.1650446653366089,0.033440448343753815,0.4598541259765625,0.001839417265728116
P04,124,0.23303689062595367,0.24732977151870728,0.39114195108413696,0.06063897907733917
P05,124,0.21107332408428192,0.23397758603096008,-0.09335508197546005,0.49259746074676514
P06,124,0.045809704810380936,0.19525572657585144,0.027476346120238304,-0.08530295640230179
P07,124,-0.016452491283416748,0.04937951639294624,-0.2865279018878937,0.1877909153699875
P08,124,0.2504656910896301,0.27193716168403625,0.14825759828090668,0.33120232820510864
P09,124,-0.0008716285228729248,0.19009719789028168,0.10647665709257126,-0.2991887331008911
P01,125,-0.03574282303452492,0.23287467658519745,-0.4292444884777069,0.089141346514225
P02,125,0.1142476424574852,0.15118727087974548,0.11556030809879303,0.0759953111410141
P03,125,-0.04461101070046425,-0.25182342529296875,0.06409915536642075,0.05389123037457466
P04,125,0.21780799329280853,0.4189404249191284,-0.07895409315824509,0.31343764066696167
P05,125,0.10632922500371933,0.10883643478155136,0.08668535202741623,0.1234658882021904
P06,125,-0.026064321398735046,-0.013994944281876087,-0.09695562720298767,0.03275761380791664
P07,125,-0.06325197964906693,0.002756682923063636,0.041092753410339355,-0.23360538482666016
P08,125,-0.001185427070595324,0.09783492982387543,0.05806044489145279,-0.1594516634941101
P09,125,0.05382711812853813,0.18061484396457672,0.07508154213428497,-0.0942150428891182
P01,126,0.10072454065084457,0.0012271141167730093,0.27560243010520935,0.025344079360365868
P02,126,0.012281917035579681,0.16463027894496918,-0.16696065664291382,0.039176128804683685
P03,126,-0.06358401477336884,-0.1656600385904312,-0.14099666476249695,0.11590467393398285
P04,126,0.0291809793561697,0.09376656264066696,0.007108926773071289,-0.013332549482584
P05,126,0.03312861919403076,0.05085879936814308,0.16993550956249237,-0.12140844762325287
P06,126,0.018177315592765808,0.07873623073101044,0.12909895181655884,-0.15330323576927185
P07,126,0.12039303779602051,0.374179482460022,-0.057095542550086975,0.04409515857696533
P08,126,-0.14740227162837982,-0.09846318513154984,-0.4215925931930542,0.07784894108772278
P09,126,0.15619470179080963,0.41252708435058594,-0.024684341624379158,0.08074133843183517
P01,127,0.06442203372716904,0.3649193346500397,-0.056249264627695084,-0.11540398001670837
P02,127,0.05021461844444275,0.11613015085458755,-0.07794570922851562,0.11245940625667572
P03,127,0.0527803935110569,0.14864696562290192,-0.02366589941084385,0.03336011618375778
P04,127,0.04153720661997795,0.11888404935598373,0.05291563645005226,-0.04718807712197304
P05,127,0.08534511178731918,0.0839909091591835,0.009037447161972523,0.1630069762468338
P06,127,0.13053257763385773,0.19793148338794708,0.10480792075395584,0.08885835111141205
P07,127,0.011369693093001842,-0.10425790399312973,0.003620237112045288,0.1347467452287674
P08,127,0.06387177854776382,0.16247816383838654,-0.06298763304948807,0.0921248123049736
P09,127,0.1768016815185547,0.24424713850021362,0.050482310354709625,0.2356756180524826
P01,128,0.05494779720902443,-0.115412138402462,0.17831936478614807,0.10193616896867752
P02,128,0.12085423618555069,0.28058260679244995,0.019795358180999756,0.06218475475907326
P03,128,0.11802061647176743,0.24370774626731873,0.2272433191537857,-0.11688923090696335
P04,128,-0.06529923528432846,-0.22354303300380707,0.05699720233678818,-0.02935187704861164
P05,128,0.03660934790968895,-0.08193442225456238,0.12779326736927032,0.0639692023396492
P06,128,-0.13298265635967255,0.1492793709039688,-0.2795715034008026,-0.26865583658218384
P07,128,-0.09828662872314453,0.06431949138641357,-0.14614629745483398,-0.21303309500217438
P08,128,-0.011511455290019512,0.10911236703395844,-0.10721530765295029,-0.03643142431974411
P09,128,0.18037350475788116,0.3000057339668274,0.04600679501891136,0.19510799646377563
P01,129,0.05593635141849518,0.33498233556747437,0.04404762014746666,-0.2112209051847458
P02,129,-0.000264499249169603,0.23726612329483032,-0.2355903834104538,-0.0024692376609891653
P03,129,0.08551330119371414,0.18594768643379211,-0.04739351198077202,0.11798574030399323
P04,129,0.18121401965618134,0.37875601649284363,0.2385258972644806,-0.0736398696899414
P05,129,0.1533692628145218,0.4191800355911255,-0.11890757828950882,0.1598353087902069
P06,129,-0.04816673323512077,0.04847697541117668,0.01124805212020874,-0.20422522723674774
P07,129,0.03787466883659363,0.06447461247444153,0.08414208143949509,-0.03499269858002663
P08,129,0.029056819155812263,0.006158165168017149,-0.08083006739616394,0.16184236109256744
P09,129,-0.19481976330280304,-0.10867886245250702,-0.15914872288703918,-0.3166317045688629
P01,130,0.017715545371174812,0.03854214400053024,-0.06319334357976913,0.07779783755540848
P02,130,0.06509780883789062,0.12388309836387634,-0.17974898219108582,0.25115931034088135
P03,130,0.0635601356625557,0.11894000321626663,0.12396187335252762,-0.05222146585583687
P04,130,0.1021023765206337,-0.16596147418022156,0.34735530614852905,0.1249132975935936
P05,130,0.016942769289016724,-0.1389567106962204,0.05664435401558876,0.1331406682729721
P06,130,0.12031593173742294,0.3605513274669647,0.11880170553922653,-0.11840526759624481
P07,130,-0.12965808808803558,0.010607651434838772,0.018922559916973114,-0.4185044467449188
P08,130,-0.12591664493083954,-0.050817955285310745,0.017815720289945602,-0.34474772214889526
P09,130,0.09840884059667587,0.02806229516863823,-0.020224960520863533,0.28738918900489807
P01,131,0.2979538142681122,0.2397904396057129,0.4604410231113434,0.19363000988960266
P02,131,0.15166296064853668,0.11560290306806564,0.1693660169839859,0.1700199693441391
P03,131,0.27058717608451843,0.21797950565814972,0.4548885226249695,0.13889354467391968
P04,131,0.265929251909256,0.15428876876831055,0.5545305609703064,0.08896846324205399
P05,131,0.22788012027740479,0.23451131582260132,0.25820818543434143,0.1909208595752716
P06,131,0.10874233394861221,0.19055604934692383,0.1397767961025238,-0.004105850122869015
P07,131,0.33450761437416077,0.48638832569122314,0.37701454758644104,0.14012007415294647
P08,131,0.18198232352733612,0.3581993877887726,0.3510761857032776,-0.1633286476135254
P09,131,0.16346992552280426,0.244493305683136,0.2910986542701721,-0.04518217220902443
P01,132,0.08415333181619644,0.36776652932167053,0.05986589193344116,-0.17517243325710297
P02,132,0.2814231812953949,0.3287905156612396,0.25568971037864685,0.25978928804397583
P03,132,0.12764637172222137,0.12387291342020035,0.11536017805337906,0.14370600879192352
P04,132,0.13311408460140228,0.05026094987988472,0.18067201972007751,0.16840925812721252
P05,132,0.029957296326756477,0.041498493403196335,-0.04111059382557869,0.08948399126529694
P06,132,0.1903076022863388,0.23386146128177643,-0.12080325931310654,0.45786458253860474
P07,132,0.05484938994050026,0.2308690994977951,-0.05089389160275459,-0.015427044592797756
P08,132,0.045453477650880814,0.11680635064840317,0.1002141460776329,-0.08066006749868393
P09,132,0.19772754609584808,0.2695404291152954,0.2369493842124939,0.08669280260801315
P01,133,-0.0555330328643322,0.047589175403118134,-0.2368614226579666,0.022673161700367928
P02,133,0.1526985466480255,0.06727436184883118,0.04636373370885849,0.3444575369358063
P03,133,0.10585254430770874,0.19346396625041962,-0.15195855498313904,0.27605220675468445
P04,133,0.2020578533411026,0.20756465196609497,0.29322221875190735,0.1053866520524025
P05,133,0.07372977584600449,0.0013007958186790347,-0.1063443124294281,0.3262328505516052
P06,133,0.22612373530864716,0.3921489715576172,0.2637358009815216,0.022486455738544464
P07,133,0.19979876279830933,0.42751267552375793,0.0693436786532402,0.10253990441560745
P08,133,0.16382353007793427,0.2949976325035095,0.07195987552404404,0.12451309710741043
P09,133,0.4097612798213959,0.5121631026268005,0.20799867808818817,0.5091220736503601
P01,134,-0.07021762430667877,-0.05929148942232132,-0.1486947238445282,-0.002666665008291602
P02,134,0.09089066833257675,0.03346487507224083,0.15924601256847382,0.07996110618114471
P03,134,-0.0038402837235480547,-0.07593436539173126,0.1214231327176094,-0.05700961872935295
P04,134,-0.06408672779798508,-0.23301871120929718,0.08765435218811035,-0.04689581319689751
P05,134,-0.10745030641555786,-0.047510918229818344,-0.08365612477064133,-0.1911838799715042
P06,134,0.07856538146734238,0.21247151494026184,0.02392585203051567,-0.0007012367132119834
P07,134,-0.02856794185936451,0.1941249519586563,-0.08136943727731705,-0.19845934212207794
P08,134,0.03258489444851875,-0.011862095445394516,-0.07179471850395203,0.1814115047454834
P09,134,-0.10993357747793198,-0.23112790286540985,0.10840556025505066,-0.20707838237285614
P01,135,0.010714736767113209,0.037621982395648956,0.09985904395580292,-0.10533682256937027
P02,135,0.05873659625649452,0.0697830393910408,0.1422853022813797,-0.035858552902936935
P03,135,-0.20886778831481934,-0.1674944907426834,-0.19266457855701447,-0.26644429564476013
P04,135,0.04544386640191078,0.06655382364988327,0.13219694793224335,-0.06241915747523308
P05,135,-0.039244432002305984,0.058059606701135635,0.12377186864614487,-0.29956477880477905
P06,135,-0.08272625505924225,-0.22474393248558044,0.08493836224079132,-0.10837319493293762
P07,135,0.04254155233502388,0.08630425482988358,0.08809813857078552,-0.046777721494436264
P08,135,0.11927813291549683,0.22808215022087097,-0.06784652918577194,0.19759880006313324
P09,135,0.07869135588407516,0.1746894270181656,0.08424025028944016,-0.0228556077927351
P01,136,0.264233261346817,0.21937933564186096,0.37988904118537903,0.19343137741088867
P02,136,0.05114555358886719,0.12941405177116394,0.06308610737323761,-0.039063505828380585
P03,136,0.06146016716957092,-0.23937413096427917,0.07907715439796448,0.34467747807502747
P04,136,0.07098240405321121,0.2361024171113968,-0.11467216163873672,0.09151695668697357
P05,136,0.3006983697414398,0.5272088050842285,0.2386605143547058,0.13622574508190155
P06,136,0.164245143532753,0.19903527200222015,0.09544400870800018,0.19825617969036102
P07,136,0.12654800713062286,0.11431970447301865,0.09607187658548355,0.1692524403333664
P08,136,0.22736234962940216,0.2958625555038452,0.06894950568675995,0.3172749876976013
P09,136,0.2150234431028366,0.14925886690616608,0.3101867735385895,0.1856246441602707
P01,137,0.019434278830885887,-0.09961920231580734,0.0533902645111084,0.10453177243471146
P02,137,-0.015299108810722828,-0.013380972668528557,-0.02794450893998146,-0.004571847151964903
P03,137,-0.0598883330821991,-0.01891508139669895,0.11214955896139145,-0.27289947867393494
P04,137,-0.06276322156190872,-0.024593211710453033,0.06682799756526947,-0.2305244654417038
P05,137,-0.04640190303325653,-0.1835850030183792,0.20324280858039856,-0.15886351466178894
P06,137,-0.05666256323456764,-0.10808482021093369,0.03228048235177994,-0.09418335556983948
P07,137,0.14567117393016815,0.24887602031230927,0.1982993632555008,-0.010161864571273327
P08,137,0.08396749943494797,-0.10367194563150406,0.34546688199043274,0.010107547044754028
P09,137,0.057475343346595764,-0.22240161895751953,0.2785288691520691,0.11629877984523773
P01,138,0.18444235622882843,0.3025515377521515,0.1343134194612503,0.1164620891213417
P02,138,0.025117119774222374,0.1426752507686615,-0.10075399279594421,0.03343009948730469
P03,138,0.1541997641324997,0.2986651659011841,0.14199718832969666,0.02193695679306984
P04,138,0.025263195857405663,0.09173008799552917,0.11920621991157532,-0.13514672219753265
P05,138,0.012911275029182434,0.23555345833301544,0.012862330302596092,-0.20968195796012878
P06,138,0.04688725247979164,0.2757568359375,-0.1404792219400406,0.005384152289479971
P07,138,0.041492387652397156,0.01162691880017519,0.13047921657562256,-0.017628971487283707
P08,138,0.18075816333293915,0.26883330941200256,0.14509882032871246,0.12834234535694122
P09,138,-0.041889697313308716,0.3047167956829071,-0.09838718920946121,-0.33199870586395264
P01,139,0.08711699396371841,0.04049050062894821,0.1054258644580841,0.11543460935354233
P02,139,0.07532757520675659,0.012824928387999535,0.14180228114128113,0.07135551422834396
P03,139,0.03540628030896187,0.25223323702812195,-0.09847738593816757,-0.04753699526190758
P04,139,0.0025433700066059828,0.18048125505447388,0.24957413971424103,-0.4224252700805664
P05,139,-0.09347382932901382,0.0756862536072731,-0.05243796110153198,-0.3036697804927826
P06,139,0.03928155079483986,0.15704917907714844,0.013144395314157009,-0.05234890803694725
P07,139,0.0011126002063974738,0.09125728905200958,-0.024256475269794464,-0.06366301327943802
P08,139,0.06933046132326126,0.0265714842826128,0.17565196752548218,0.005767941474914551
P09,139,0.2390938401222229,0.35344943404197693,0.21665805578231812,0.14717406034469604
P01,140,0.006926879286766052,-0.010663961991667747,-0.11625383794307709,0.14769843220710754
P02,140,-0.03289764001965523,-0.21039122343063354,-0.07922494411468506,0.19092324376106262
P03,140,-0.026442110538482666,0.07241709530353546,-0.09941130131483078,-0.05233212187886238
P04,140,0.004690883215516806,0.029524164274334908,0.039874665439128876,-0.055326178669929504
P05,140,0.08001037687063217,-0.005648819729685783,-0.04969693720340729,0.29537689685821533
P06,140,-0.020816046744585037,-0.07480157166719437,-0.04062299430370331,0.05297642573714256
P07,140,0.14669887721538544,0.13790637254714966,0.002781693125143647,0.29940858483314514
P08,140,0.18439824879169464,0.037586759775877,0.15997131168842316,0.3556366562843323
P09,140,0.2604818046092987,0.20427106320858002,0.16719873249530792,0.4099755585193634
P01,141,0.004818173591047525,0.07453814893960953,0.058662064373493195,-0.11874569207429886
P02,141,0.06557366997003555,0.0703505352139473,0.03897462040185928,0.08739586174488068
P03,141,0.17197400331497192,0.15964218974113464,0.4847634732723236,-0.12848366796970367
P04,141,0.05796625837683678,0.09315559267997742,0.05302274227142334,0.027720440179109573
P05,141,-0.006351713091135025,0.11942435801029205,-0.07941202074289322,-0.05906747654080391
P06,141,0.1346050500869751,0.39255860447883606,0.1960621178150177,-0.18480557203292847
P07,141,0.26006263494491577,0.24915321171283722,0.46584171056747437,0.06519300490617752
P08,141,0.11552394181489944,-0.024393996223807335,0.1676723062992096,0.20329351723194122
P09,141,-0.08727844804525375,-0.05054410919547081,-0.27134406566619873,0.060052838176488876
P01,142,0.01532645896077156,0.05628911778330803,0.047192130237817764,-0.05750187113881111
P02,142,0.3311399519443512,0.3599432706832886,0.3002200126647949,0.33325663208961487
P03,142,0.15145614743232727,0.28141528367996216,0.020552095025777817,0.15240105986595154
P04,142,0.03121325373649597,-0.02286614663898945,0.41520956158638,-0.2987036406993866
P05,142,0.3718404769897461,0.4153728187084198,0.5795691609382629,0.12057942897081375
P06,142,0.27735018730163574,0.3378869593143463,0.16269610822200775,0.33146747946739197
P07,142,0.16038952767848969,0.22813306748867035,0.3490423858165741,-0.096006840467453
P08,142,0.12965703010559082,0.19611826539039612,0.08769736438989639,0.10515548288822174
P09,142,0.13766802847385406,0.32730820775032043,0.20324236154556274,-0.11754651367664337
P01,143,-0.05371655896306038,-0.031303584575653076,-0.01126251183450222,-0.11858358234167099
P02,143,-0.022963806986808777,0.08427856117486954,-0.05183309689164162,-0.10133688896894455
P03,143,-0.007996032945811749,-0.2006087303161621,0.174916073679924,0.0017045576823875308
P04,143,0.13036955893039703,0.18577660620212555,0.29391202330589294,-0.08857996016740799
P05,143,0.18754135072231293,0.30932846665382385,0.020037023350596428,0.23325856029987335
P06,143,0.07164057344198227,0.21528059244155884,0.11785556375980377,-0.1182144358754158
P07,143,0.08290219306945801,0.1169852539896965,0.0072455923072993755,0.12447573244571686
P08,143,0.01189762819558382,0.2083970606327057,-0.07017779350280762,-0.10252638161182404
P09,143,0.18615727126598358,0.2488442212343216,0.2123386710882187,0.09728887677192688
P01,144,0.14545245468616486,-0.12171610444784164,0.37096115946769714,0.18711230158805847
P02,144,-0.05537093058228493,0.004501024726778269,-0.16296081244945526,-0.007653010077774525
P03,144,0.05174444243311882,-0.32595792412757874,0.24799709022045135,0.23319415748119354
P04,144,0.06060751900076866,0.012818257324397564,0.13622595369815826,0.03277834132313728
P05,144,0.09072458744049072,-0.08468759059906006,0.371652215719223,-0.014790850691497326
P06,144,0.031088171526789665,-0.03071821667253971,0.21524524688720703,-0.09126251190900803
P07,144,0.004736123140901327,0.1829998940229416,-0.07231520861387253,-0.09647631645202637
P08,144,0.09969241172075272,-0.010125470347702503,0.018677154555916786,0.29052555561065674
P09,144,0.12209948152303696,0.08747586607933044,-0.09662233293056488,0.3754448890686035
P01,145,0.031308140605688095,0.021646657958626747,0.1467529982328415,-0.0744752436876297
P02,145,-0.015593498945236206,-0.0441739559173584,-0.26796066761016846,0.26535412669181824
P03,145,-0.11888659745454788,-0.015709010884165764,-0.18858739733695984,-0.1523633897304535
P04,145,0.1890784502029419,0.2558312714099884,0.06884552538394928,0.2425585687160492
P05,145,0.02975350059568882,-0.1422005593776703,-0.05849204584956169,0.2899531126022339
P06,145,0.1140013337135315,0.14789895713329315,0.31696996092796326,-0.12286491692066193
P07,145,0.18278074264526367,0.13925734162330627,0.005705402232706547,0.40337949991226196
P08,145,-0.008635609410703182,-0.04812333732843399,0.021514657884836197,0.0007018526666797698
P09,145,0.18144960701465607,0.13606253266334534,0.21882915496826172,0.18945713341236115
P01,146,0.03627990558743477,0.03926587477326393,0.01109988708049059,0.05847395211458206
P02,146,0.3418109714984894,0.1822778433561325,0.5137375593185425,0.32941755652427673
P03,146,-0.12772174179553986,-0.09095592051744461,0.11787532269954681,-0.41008460521698
P04,146,0.06941090524196625,0.09735684096813202,0.13262610137462616,-0.021750232204794884
P05,146,0.1315140575170517,-0.06688807904720306,0.3270813524723053,0.13434885442256927
P06,146,0.1916804313659668,-0.14843527972698212,0.5354546904563904,0.1880219280719757
P07,146,0.1357729583978653,0.024324830621480942,0.03873017802834511,0.34426385164260864
P08,146,0.13623808324337006,0.017726751044392586,0.10231509059667587,0.28867238759994507
P09,146,0.07978706806898117,-0.05903305858373642,0.33597424626350403,-0.0375799722969532
P01,147,0.09371364861726761,0.041735026985406876,0.014173511415719986,0.22523240745067596
P02,147,0.13786335289478302,0.1187891811132431,0.089132159948349,0.20566874742507935
P03,147,0.07977543026208878,-0.10547430068254471,0.02526857703924179,0.31953200697898865
P04,147,0.09318367391824722,0.19712302088737488,0.19230343401432037,-0.10987542569637299
P05,147,0.13765965402126312,0.05916270241141319,0.15815527737140656,0.19566097855567932
P06,147,0.04821784421801567,0.03107273206114769,-0.15381097793579102,0.26739177107810974
P07,147,0.11311841756105423,0.22245213389396667,-0.0927681103348732,0.2096712291240692
P08,147,0.11953694373369217,0.3549971282482147,0.021317224949598312,-0.01770349219441414
P09,147,0.2523117661476135,0.2571224272251129,0.1735345721244812,0.32627829909324646
P01,148,0.2734626233577728,0.0445014089345932,0.44475752115249634,0.33112889528274536
P02,148,0.24096573889255524,-0.006426600739359856,0.20478060841560364,0.5245432257652283
P03,148,0.10372090339660645,0.1150888204574585,-0.16449107229709625,0.3605649769306183
P04,148,0.27926066517829895,0.28689637780189514,0.2619572579860687,0.28892841935157776
P05,148,0.003764380933716893,0.08836974203586578,0.15634196996688843,-0.2334185689687729
P06,148,0.2124674916267395,0.35274866223335266,0.08306623250246048,0.20158757269382477
P07,148,0.17601776123046875,0.15426890552043915,0.261048823595047,0.11273559182882309
P08,148,-0.026650795713067055,-0.09037288278341293,-0.008760201744735241,0.019180690869688988
P09,148,-0.0564226396381855,-0.22107857465744019,0.34603410959243774,-0.29422345757484436
P01,149,0.2741573750972748,0.40014350414276123,0.05047014728188515,0.37185847759246826
P02,149,0.4357576072216034,0.6018756031990051,0.3743591010570526,0.33103808760643005
P03,149,0.09447977691888809,0.14077764749526978,-0.10414069145917892,0.24680238962173462
P04,149,0.3173927366733551,0.2976849377155304,0.38395243883132935,0.27054086327552795
P05,149,0.01763176918029785,0.03950119391083717,0.319793164730072,-0.30639904737472534
P06,149,0.3214418590068817,0.453498512506485,0.39623337984085083,0.11459363251924515
P07,149,0.19538886845111847,0.36056143045425415,0.1537344604730606,0.07187071442604065
P08,149,0.20762155950069427,0.48254793882369995,-0.009196213446557522,0.14951296150684357
P09,149,0.2878114581108093,0.5743398070335388,0.2646179795265198,0.024476591497659683
P01,150,0.10096806287765503,0.018875280395150185,0.0793764516711235,0.20465247333049774
P02,150,0.11080693453550339,0.17933616042137146,0.1645822525024414,-0.011497625149786472
P03,150,0.007689816411584616,-0.0804930031299591,0.20929478108882904,-0.10573232918977737
P04,150,0.13666094839572906,0.15810896456241608,0.3026752471923828,-0.0508013553917408
P05,150,0.14541363716125488,0.26157984137535095,0.2630559206008911,-0.0883948877453804
P06,150,0.08650419116020203,0.006711944006383419,0.3111829161643982,-0.05838226154446602
P07,150,0.13515013456344604,0.143352672457695,0.20878151059150696,0.05331623926758766
P08,150,0.09230724722146988,-0.0023426651023328304,0.14409802854061127,0.13516639173030853
P09,150,0.2586485743522644,0.28407904505729675,0.4229503571987152,0.06891630589962006
P01,151,0.38651517033576965,0.3469224274158478,0.34093672037124634,0.47168633341789246
P02,151,0.12987016141414642,0.07573793083429337,0.147010937333107,0.1668616235256195
P03,151,0.060294259339571,-0.04994315281510353,0.007122647948563099,0.2237032949924469
P04,151,0.1359224170446396,0.2107892632484436,0.08803879469633102,0.10893920063972473
P05,151,0.3748190701007843,0.4445955157279968,0.43878409266471863,0.24107764661312103
P06,151,0.14638598263263702,0.297322541475296,0.1012788861989975,0.04055655375123024
P07,151,0.18650758266448975,0.3094613254070282,0.12563440203666687,0.12442705035209656
P08,151,0.21582700312137604,0.28725019097328186,-0.10222892463207245,0.4624597728252411
P09,151,0.16313670575618744,0.5197403430938721,0.19201555848121643,-0.2223457396030426
P01,152,0.22245557606220245,0.008615080267190933,0.6014769077301025,0.05727476626634598
P02,152,0.2061491161584854,0.154924675822258,0.46590229868888855,-0.0023795857559889555
P03,152,0.18404267728328705,0.2510473430156708,0.08572427928447723,0.21535642445087433
P04,152,0.16146676242351532,0.20936685800552368,0.17454439401626587,0.10048903524875641
P05,152,0.21251289546489716,0.327322781085968,0.3861118257045746,-0.07589588314294815
P06,152,0.15141113102436066,0.1802130788564682,0.2455446422100067,0.02847565896809101
P07,152,0.3224470317363739,0.09178891032934189,0.5049788355827332,0.3705733120441437
P08,152,0.2748933732509613,0.23621658980846405,0.426999032497406,0.16146449744701385
P09,152,0.028199302032589912,0.04041498899459839,0.07594512403011322,-0.03176220506429672
P01,153,0.027111539617180824,-0.11508217453956604,-0.06041187420487404,0.2568286657333374
P02,153,-0.016597559675574303,-0.14550694823265076,-0.20112332701683044,0.29683759808540344
P03,153,0.03147977590560913,0.07206423580646515,-0.3279472887516022,0.3503223657608032
P04,153,0.044556234031915665,0.1834936887025833,-0.017277780920267105,-0.03254720941185951
P05,153,0.13185976445674896,-0.06766130030155182,0.0928867906332016,0.3703537881374359
P06,153,0.0024298429489135742,-0.17808720469474792,-0.07387373596429825,0.2592504620552063
P07,153,-0.06107239052653313,-0.2115052491426468,-0.23679517209529877,0.2650832533836365
P08,153,0.0034655730705708265,-0.017969131469726562,-0.07622020691633224,0.10458605736494064
P09,153,0.02495546080172062,-0.15277519822120667,-0.07212989777326584,0.2997714877128601
P01,154,0.1375947743654251,0.08869179338216782,0.3164641559123993,0.007628369145095348
P02,154,0.18511831760406494,0.02567431889474392,0.2707872986793518,0.25889337062835693
P03,154,0.05104716494679451,-0.019427383318543434,-0.007695792242884636,0.1802646666765213
P04,154,0.19968242943286896,0.25187596678733826,0.33111247420310974,0.016058890148997307
P05,154,0.136158287525177,0.31133073568344116,0.18746575713157654,-0.09032164514064789
P06,154,0.15439923107624054,0.2757114768028259,0.0278300940990448,0.1596561223268509
P07,154,0.22758157551288605,0.45135632157325745,0.06136171519756317,0.1700267195701599
P08,154,-0.04077669233083725,0.20379391312599182,-0.2708824872970581,-0.055241502821445465
P09,154,0.1019938662648201,0.31933218240737915,0.3535173237323761,-0.36686792969703674
P01,155,0.33958807587623596,0.43050417304039,0.22739581763744354,0.36086422204971313
P02,155,0.1132378801703453,0.46652114391326904,0.009344947524368763,-0.1361524611711502
P03,155,0.14850164949893951,0.6064594984054565,0.12241329997777939,-0.2833678424358368
P04,155,0.19881194829940796,0.19877146184444427,0.1562505066394806,0.241413876414299
P05,155,0.12191828340291977,0.5690087080001831,-0.061876557767391205,-0.1413773149251938
P06,155,0.27373358607292175,0.7000978589057922,-0.04821941629052162,0.16932232677936554
P07,155,0.1764366626739502,0.4229689836502075,-0.13871818780899048,0.24505916237831116
P08,155,0.2750200927257538,0.40369537472724915,0.31273433566093445,0.10863054543733597
P09,155,0.03607964515686035,-0.0685342326760292,-0.19794800877571106,0.3747211694717407
P01,156,0.08334970474243164,0.15196023881435394,-0.013373821042478085,0.11146268993616104
P02,156,0.05404400825500488,0.02222781628370285,-0.01222098246216774,0.15212519466876984
P03,156,0.09872099757194519,0.05204640328884125,0.30733680725097656,-0.06322024017572403
P04,156,0.14433753490447998,0.03483019024133682,0.3708471357822418,0.027335282415151596
P05,156,0.022913595661520958,0.046751197427511215,0.08802305907011032,-0.06603346765041351
P06,156,0.2218809276819229,0.11901096254587173,0.1500215381383896,0.396610289812088
P07,156,0.23645992577075958,0.2440844476222992,0.27610477805137634,0.1891905814409256
P08,156,-0.048640791326761246,-0.05860527232289314,0.10382036864757538,-0.19113747775554657
P09,156,0.2142363041639328,0.0667281523346901,0.2834480106830597,0.292532742023468
P01,157,0.14699217677116394,0.2542612850666046,0.3115205466747284,-0.12480530887842178
P02,157,-0.026264945045113564,0.34364601969718933,-0.21648210287094116,-0.205958753824234
P03,157,0.03807264193892479,0.17454808950424194,0.0729602798819542,-0.13329045474529266
P04,157,0.18156719207763672,0.2710135281085968,0.035298749804496765,0.2383892834186554
P05,157,-0.02361113764345646,0.32626113295555115,-0.007073430344462395,-0.39002111554145813
P06,157,0.10085438936948776,0.09869460761547089,0.18704433739185333,0.01682422123849392
P07,157,0.046686429530382156,-0.043803952634334564,0.10393659770488739,0.07992664724588394
P08,157,0.15626472234725952,0.32470807433128357,0.16010421514511108,-0.016018135473132133
P09,157,0.20479631423950195,0.26183757185935974,0.37444865703582764,-0.021897295489907265
P01,158,-0.0675787404179573,0.08646778017282486,-0.18611766397953033,-0.10308634489774704
P02,158,-0.026841774582862854,0.17292524874210358,-0.07943454384803772,-0.17401602864265442
P03,158,0.03053548000752926,0.0904916301369667,0.14195485413074493,-0.1408400535583496
P04,158,0.04912847280502319,0.12960416078567505,0.053734418004751205,-0.03595317155122757
P05,158,-0.0005796191398985684,-0.05865737050771713,0.07667271047830582,-0.01975419744849205
P06,158,0.11108764261007309,0.29633828997612,0.19722245633602142,-0.16029779613018036
P07,158,0.18544282019138336,0.42733287811279297,0.1170753464102745,0.011920267716050148
P08,158,-0.04553370550274849,0.2556617558002472,-0.04373088851571083,-0.3485319912433624
P09,158,0.026111120358109474,0.1765775978565216,0.06808280199766159,-0.16632704436779022
P01,159,-0.08066143840551376,0.17356029152870178,-0.11446681618690491,-0.30107778310775757
P02,159,0.06908929347991943,0.1496729552745819,-0.1325894445180893,0.19018436968326569
P03,159,0.04665500298142433,0.18662378191947937,0.026638444513082504,-0.07329721748828888
P04,159,-0.1100832000374794,-0.03136635199189186,-0.2637438178062439,-0.03513943776488304
P05,159,-0.057391226291656494,0.1481482982635498,-0.17731349170207977,-0.14300848543643951
P06,159,0.08319525420665741,0.06381233036518097,0.017563773319125175,0.16820965707302094
P07,159,-0.0039857178926467896,-0.1417504996061325,0.006479887291789055,0.12331345677375793
P08,159,0.011519228108227253,0.10503920167684555,-0.1859607696533203,0.1154792532324791
P09,159,-0.05968073010444641,0.08837220817804337,0.049987420439720154,-0.31740182638168335
P01,160,-0.05869777873158455,-0.058184582740068436,-0.03409400209784508,-0.08381474763154984
P02,160,-0.0493130087852478,0.18388062715530396,-0.3091398775577545,-0.022679774090647697
P03,160,0.0683593824505806,0.02153734304010868,0.004180037882179022,0.1793607771396637
P04,160,0.16615228354930878,-0.0036644102074205875,0.05814982205629349,0.4439714550971985
P05,160,-0.11584331840276718,-0.06583737581968307,-0.17114129662513733,-0.11055128276348114
P06,160,0.13594084978103638,0.18065886199474335,0.03421912342309952,0.19294455647468567
P07,160,0.0260331854224205,0.04641703516244888,0.09577289968729019,-0.06409037858247757
P08,160,0.08335790038108826,0.27318382263183594,-0.10784681886434555,0.08473671227693558
P09,160,0.24783940613269806,0.5009542107582092,0.048449523746967316,0.19411452114582062
P01,161,0.010579328052699566,-0.05572610720992088,0.06506006419658661,0.022404026240110397
P02,161,0.1407540738582611,0.2485717087984085,-0.1599155217409134,0.3336060345172882
P03,161,0.05348445102572441,0.056356679648160934,-0.08072692900896072,0.18482360243797302
P04,161,0.09455934911966324,0.1602153182029724,0.15298868715763092,-0.02952592261135578
P05,161,-0.10219927877187729,0.10798896849155426,-0.34131062030792236,-0.07327618449926376
P06,161,0.07376386970281601,0.16094711422920227,-0.11030885577201843,0.1706533581018448
P07,161,0.1013471707701683,0.16311948001384735,0.07441379874944687,0.0665082260966301
P08,161,0.09204686433076859,0.44207900762557983,-0.2692314088344574,0.10329300910234451
P09,161,0.16261719167232513,0.28622010350227356,0.11724860966205597,0.08438284695148468
P01,162,0.11450892686843872,0.24955923855304718,-0.04739157482981682,0.1413591206073761
P02,162,0.20514965057373047,0.11521072685718536,0.30670401453971863,0.19353421032428741
P03,162,0.02560628205537796,-0.07877156138420105,0.20277391374111176,-0.047183506190776825
P04,162,0.1585710346698761,0.2389548271894455,0.25236958265304565,-0.015611334703862667
P05,162,0.16850483417510986,0.37631741166114807,0.07811878621578217,0.05107833072543144
P06,162,0.05865376070141792,0.2299475371837616,-0.17649103701114655,0.12250478565692902
P07,162,0.01275627315044403,-0.004948103334754705,0.1672321856021881,-0.12401525676250458
P08,162,0.12085336446762085,0.494762122631073,0.031775426119565964,-0.1639774590730667
P09,162,0.05430089309811592,-0.017503345385193825,-0.10582257807254791,0.28622859716415405
P01,163,0.09086990356445312,0.465544193983078,-0.0908241719007492,-0.10211034119129181
P02,163,0.1125682070851326,0.13915354013442993,0.2935447096824646,-0.09499362111091614
P03,163,0.07218209654092789,0.2963884174823761,-0.10320980101823807,0.023367654532194138
P04,163,0.2735649049282074,0.4861752688884735,0.27267107367515564,0.06184833124279976
P05,163,0.10570856928825378,0.07381345331668854,0.17345628142356873,0.06985597312450409
P06,163,0.21719081699848175,0.4297809600830078,0.11058292537927628,0.11120858043432236
P07,163,0.14025001227855682,0.3051289916038513,0.24390506744384766,-0.1282840222120285
P08,163,0.1586136370897293,0.4459799528121948,0.24165169894695282,-0.2117907553911209
P09,163,0.14627279341220856,0.5263755321502686,0.08283806592226028,-0.17039518058300018
P01,164,0.11450239270925522,0.3274945020675659,-0.1786213368177414,0.19463402032852173
P02,164,0.11712974309921265,0.15392695367336273,-0.14544430375099182,0.34290656447410583
P03,164,0.00660795858129859,0.39459487795829773,-0.31786173582077026,-0.056909266859292984
P04,164,0.06287786364555359,0.44338810443878174,-0.15139251947402954,-0.10336199402809143
P05,164,0.10480201989412308,0.2510671019554138,-0.2581872344017029,0.3215261995792389
P06,164,0.02604557015001774,0.2413484901189804,-0.2963801622390747,0.13316838443279266
P07,164,-0.0063003599643707275,0.35654088854789734,-0.11522594839334488,-0.26021602749824524
P08,164,0.022211521863937378,0.29536008834838867,0.0605052188038826,-0.28923073410987854
P09,164,0.09466367959976196,0.12212951481342316,-0.03312472626566887,0.1949862539768219
P01,165,-0.1440177857875824,-0.09591631591320038,-0.04714642092585564,-0.2889906167984009
P02,165,0.11613523960113525,0.11907459795475006,0.03478294983506203,0.19454817473888397
P03,165,0.016377808526158333,0.13749530911445618,-0.05985371023416519,-0.028508169576525688
P04,165,0.0926288291811943,0.11302609741687775,0.1472374051809311,0.017622990533709526
P05,165,-0.1361914724111557,-0.030737383291125298,-0.07685103267431259,-0.30098602175712585
P06,165,-0.09621820598840714,-0.082644984126091,-0.18487504124641418,-0.02113460749387741
P07,165,-0.031241362914443016,-0.005382043309509754,0.14618019759655,-0.2345222383737564
P08,165,-0.044660743325948715,0.04272979125380516,-0.20305193960666656,0.02633991464972496
P09,165,0.11267450451850891,0.07085897028446198,0.1273595690727234,0.13980497419834137
P01,166,-0.0069201067090034485,0.08831699937582016,-0.0024959722068160772,-0.10658134520053864
P02,166,0.1830044537782669,0.3108885884284973,0.08256735652685165,0.15555743873119354
P03,166,0.1250591278076172,0.5060482621192932,0.12900178134441376,-0.2598726749420166
P04,166,0.2455541342496872,0.3939872086048126,0.06087406352162361,0.28180110454559326
P05,166,0.2031966894865036,0.4017409384250641,-0.022487541660666466,0.23033669590950012
P06,166,0.22077308595180511,0.14001549780368805,0.25630640983581543,0.26599735021591187
P07,166,0.24333709478378296,0.4920385181903839,-0.015276189893484116,0.2532489597797394
P08,166,0.059029173105955124,0.21924270689487457,-0.0855647549033165,0.0434095524251461
P09,166,0.3901020288467407,0.48635169863700867,0.35963764786720276,0.32431676983833313
P01,167,-0.01724228262901306,0.04427630826830864,-0.17290738224983215,0.07690422236919403
P02,167,-0.05404304340481758,0.065919429063797,0.0861024335026741,-0.31415098905563354
P03,167,-0.0022654682397842407,0.08423370867967606,-0.2341034859418869,0.14307336509227753
P04,167,0.04890269413590431,-0.012480727396905422,0.16031402349472046,-0.0011252164840698242
P05,167,-0.02208034135401249,0.150708869099617,-0.107847660779953,-0.10910223424434662
P06,167,0.14833682775497437,0.31940701603889465,-0.023949960246682167,0.14955340325832367
P07,167,0.08583539724349976,0.31073659658432007,-0.00215937290340662,-0.05107102543115616
P08,167,0.00804449524730444,0.30937570333480835,-0.30521947145462036,0.019977252930402756
P09,167,-0.0011315569281578064,-0.008581459522247314,-0.045329537242650986,0.05051632598042488
P01,168,0.14338670670986176,0.08322516828775406,0.1038137748837471,0.2431211769580841
P02,168,0.10229597240686417,-0.02225908450782299,0.1973981410264969,0.13174888491630554
P03,168,0.18693892657756805,0.2666558027267456,0.006843231152743101,0.2873177230358124
P04,168,0.12402975559234619,0.15565402805805206,0.0784335657954216,0.13800166547298431
P05,168,0.16707833111286163,0.3387449383735657,0.044671058654785156,0.11781902611255646
P06,168,0.018603060394525528,0.24087533354759216,-0.1533156782388687,-0.031750474125146866
P07,168,0.17249755561351776,0.15471722185611725,-0.025890033692121506,0.38866549730300903
P08,168,0.035247769206762314,0.08819654583930969,-0.08006758987903595,0.0976143553853035
P09,168,0.051156025379896164,0.03244959935545921,-0.06934987753629684,0.19036835432052612
P01,169,0.048313844949007034,-0.12752720713615417,0.0496983677148819,0.22277037799358368
P02,169,0.15324515104293823,-0.004469923209398985,0.28738152980804443,0.17682386934757233
P03,169,-0.08660804480314255,0.03492116928100586,-0.06586658209562302,-0.22887872159481049
P04,169,-0.0404660589993,-0.22815462946891785,0.14367036521434784,-0.03691391274333
P05,169,0.003892612876370549,-0.31602269411087036,0.299455463886261,0.028245069086551666
P06,169,0.0526232086122036,0.11003581434488297,0.08038413524627686,-0.032550323754549026
P07,169,0.11661577224731445,-0.13477037847042084,0.154606431722641,0.330011248588562
P08,169,0.05428251996636391,0.08069680631160736,0.05384809523820877,0.028302649036049843
P09,169,-0.004056368488818407,-0.09406154602766037,0.0883762463927269,-0.006483805365860462
P01,170,0.1778615266084671,0.298189640045166,0.19391217827796936,0.04148278385400772
P02,170,0.04942857101559639,0.11943747848272324,0.07908239960670471,-0.05023416504263878
P03,170,0.15801262855529785,0.2868846356868744,0.18626709282398224,0.0008861491805873811
P04,170,0.25852957367897034,0.3866809904575348,0.2349374145269394,0.1539703756570816
P05,170,0.33067914843559265,0.5755459666252136,0.2723798453807831,0.14411161839962006
P06,170,-0.014158408157527447,0.26691991090774536,0.028403472155332565,-0.3377985954284668
P07,170,0.28467169404029846,0.5890156626701355,0.07497118413448334,0.19002819061279297
P08,170,0.412190318107605,0.6024421453475952,0.30931195616722107,0.32481682300567627
P09,170,0.09947677701711655,0.33633360266685486,0.11977286636829376,-0.15767617523670197
P01,171,0.051998306065797806,0.08195338398218155,-0.06671679019927979,0.14075832068920135
P02,171,0.04606875404715538,0.26926079392433167,-0.012930130586028099,-0.11812441051006317
P03,171,0.11022800207138062,-0.2771560549736023,0.11753418296575546,0.4903058707714081
P04,171,0.2550441324710846,0.09076488763093948,0.2778112590312958,0.3965562880039215
P05,171,-0.012296733446419239,-0.06491561233997345,-0.0662330687046051,0.09425847977399826
P06,171,0.05961352586746216,0.09885571897029877,-0.09718824177980423,0.17717310786247253
P07,171,0.13806487619876862,0.0067987460643053055,0.0286687221378088,0.37872716784477234
P08,171,0.1753395050764084,0.1409389078617096,0.07394950836896896,0.3111301064491272
P09,171,-0.010501071810722351,-0.05444725975394249,0.01662406139075756,0.00631998386234045
P01,172,0.1232360377907753,0.11124008148908615,-0.0016903618816286325,0.26015838980674744
P02,172,0.08275987952947617,0.3639289140701294,-0.1479872763156891,0.03233799338340759
P03,172,0.06333183497190475,0.07377839088439941,-0.13865754008293152,0.25487464666366577
P04,172,0.1639879047870636,-0.025966878980398178,0.08835164457559586,0.429578959941864
P05,172,0.013305763714015484,0.34391313791275024,-0.026765378192067146,-0.27723047137260437
P06,172,0.01306570041924715,0.08976821601390839,0.022468989714980125,-0.07304010540246964
P07,172,0.0781484916806221,-0.08322595059871674,-0.0346597358584404,0.35233116149902344
P08,172,0.04191209748387337,0.08928576111793518,-0.043263260275125504,0.07971379160881042
P09,172,0.11346900463104248,0.14205341041088104,-0.10303487628698349,0.3013884723186493
P01,173,0.11891945451498032,0.2780586779117584,0.21027447283267975,-0.13157479465007782
P02,173,0.11439976841211319,0.09972167015075684,0.24160321056842804,0.0018744587432593107
P03,173,0.1518355756998062,0.343024879693985,0.35541051626205444,-0.24292871356010437
P04,173,0.15814532339572906,0.1502426117658615,0.31733447313308716,0.006858889479190111
P05,173,0.07915971428155899,0.35267144441604614,-0.045291878283023834,-0.06990041583776474
P06,173,-0.028185531497001648,0.14005033671855927,0.02123638056218624,-0.245843306183815
P07,173,0.05254619941115379,0.055435456335544586,-0.007372025866061449,0.10957515984773636
P08,173,0.0596407987177372,0.07527314871549606,0.06200455129146576,0.04164470359683037
P09,173,0.17150986194610596,0.21101999282836914,0.2517225444316864,0.05178702250123024
P01,174,0.07314954698085785,0.1258615106344223,0.18475084006786346,-0.09116370975971222
P02,174,-0.032595645636320114,0.05458775907754898,-0.027591515332460403,-0.12478317320346832
P03,174,0.05892099812626839,0.2342662662267685,0.23564958572387695,-0.2931528687477112
P04,174,0.09019521623849869,0.21296872198581696,0.09469233453273773,-0.037075407803058624
P05,174,0.10535144805908203,-0.030030330643057823,0.28213557600975037,0.0639491155743599
P06,174,0.03394581004977226,0.3440455198287964,-0.02941570244729519,-0.21279239654541016
P07,174,0.1603231430053711,0.08687407523393631,0.5287142992019653,-0.13461892306804657
P08,174,-0.1413111537694931,0.04564492776989937,-0.3922539949417114,-0.07732439041137695
P09,174,0.14549994468688965,0.3536194860935211,0.16262637078762054,-0.07974602282047272
P01,175,0.11997736245393753,0.09272488206624985,-0.035897038877010345,0.3031042516231537
P02,175,0.09795186668634415,0.18783214688301086,0.04100419580936432,0.06501924991607666
P03,175,-0.08999373763799667,-0.13174791634082794,0.03487277030944824,-0.17310605943202972
P04,175,-0.01377313956618309,0.1374133676290512,-0.12578721344470978,-0.0529455728828907
P05,175,-0.06918821483850479,-0.258426308631897,-0.251970499753952,0.3028321862220764
P06,175,0.012579645030200481,-0.15668468177318573,-0.03784684091806412,0.23227046430110931
P07,175,0.09675998240709305,0.2574676275253296,0.02224375493824482,0.01056855358183384
P08,175,0.040008172392845154,0.08121372014284134,-0.11541151255369186,0.154222309589386
P09,175,-0.15133680403232574,-0.25227341055870056,-0.04005630314350128,-0.1616806983947754
P01,176,-0.049330662935972214,-0.17867273092269897,-0.10533224046230316,0.136013001203537
P02,176,0.03519047796726227,0.2446286529302597,-0.21394939720630646,0.07489217817783356
P03,176,0.012533639557659626,0.3154661953449249,-0.06716664880514145,-0.21069861948490143
P04,176,0.11284831911325455,0.34665238857269287,-0.0890633836388588,0.08095596730709076
P05,176,0.2989402413368225,0.5404343008995056,0.20204000174999237,0.15434640645980835
P06,176,0.12514503300189972,0.4987731873989105,0.0033863186836242676,-0.12672434747219086
P07,176,0.12048766016960144,0.14878524839878082,-0.007711217738687992,0.22038894891738892
P08,176,0.08084090799093246,0.2698879539966583,-0.10141971707344055,0.07405447214841843
P09,176,0.18585093319416046,0.44734328985214233,0.06791070103645325,0.0422988124191761
P01,177,0.039014268666505814,0.23113152384757996,-0.115962915122509,0.0018741945968940854
P02,177,0.05856006219983101,0.01971997506916523,0.049716439098119736,0.10624376684427261
P03,177,0.07167036086320877,0.3406176269054413,0.09660053253173828,-0.22220708429813385
P04,177,-0.20855914056301117,-0.12191731482744217,-0.4499042332172394,-0.053855832666158676
P05,177,0.04360821843147278,-0.0385916493833065,0.08113463222980499,0.08828167617321014
P06,177,-0.03867553547024727,0.17357268929481506,-0.284944623708725,-0.004654667805880308
P07,177,0.2717296779155731,0.3662480413913727,0.15853311121463776,0.29040786623954773
P08,177,0.18071229755878448,0.19572995603084564,0.1551213413476944,0.1912856101989746
P09,177,0.006387037690728903,-0.17716185748577118,0.09360624849796295,0.10271672159433365
P01,178,0.007638616021722555,0.06096766144037247,-0.0018635749584063888,-0.036188237369060516
P02,178,-0.017843017354607582,0.23208986222743988,0.05500740930438042,-0.3406263291835785
P03,178,0.07087606936693192,0.0449320487678051,0.13433274626731873,0.033363405615091324
P04,178,0.023153478279709816,0.18201598525047302,-0.11761443316936493,0.005058884620666504
P05,178,-0.14501826465129852,-0.3057922422885895,-0.026218701153993607,-0.10304386168718338
P06,178,0.16205994784832,0.2661080062389374,0.019784104079008102,0.20028772950172424
P07,178,-0.017559433355927467,0.01199625339359045,0.12575364112854004,-0.19042819738388062
P08,178,0.08239791542291641,0.08548391610383987,0.011437279172241688,0.15027256309986115
P09,178,0.06956889480352402,0.03476148471236229,-0.011835752055048943,0.18578094244003296
P01,179,-0.020484939217567444,-0.16682520508766174,-0.0632971003651619,0.1686674803495407
P02,179,0.08491160720586777,0.1641237884759903,0.13652020692825317,-0.04590917378664017
P03,179,-0.00024730959557928145,0.11925221979618073,0.2346317619085312,-0.3546259105205536
P04,179,0.20543253421783447,0.4547031819820404,0.30215761065483093,-0.14056317508220673
P05,179,-0.032288115471601486,-0.17721141874790192,0.14724278450012207,-0.06689570844173431
P06,179,0.1850930005311966,0.2240002602338791,0.16487029194831848,0.1664084494113922
P07,179,0.1332790106534958,0.07097957283258438,0.2616504728794098,0.0672069862484932
P08,179,0.12190565466880798,0.3585636019706726,-0.11306827515363693,0.12022163718938828
P09,179,0.1922106295824051,0.22950305044651031,0.26687437295913696,0.08025451749563217
P01,180,0.30192115902900696,0.4039347469806671,0.368177592754364,0.13365116715431213
P02,180,0.07859718054533005,0.31609776616096497,0.19482354819774628,-0.2751297652721405
P03,180,0.15209920704364777,0.16177800297737122,0.21928198635578156,0.07523760199546814
P04,180,0.06153148412704468,0.2664932310581207,0.023512858897447586,-0.10541165620088577
P05,180,0.18633942306041718,0.4801427721977234,0.2294917106628418,-0.15061622858047485
P06,180,0.17899276316165924,0.3150394558906555,-0.011287303641438484,0.23322613537311554
P07,180,0.11453215032815933,0.37576743960380554,0.05953763797879219,-0.09170863032341003
P08,180,0.2973999083042145,0.4128894805908203,0.09742891043424606,0.3818812966346741
P09,180,-0.14876475930213928,-0.3212222754955292,-0.1841915398836136,0.059119559824466705
P01,181,-0.05080578103661537,0.13447660207748413,0.02399747259914875,-0.31089141964912415
P02,181,0.14968913793563843,0.15793009102344513,0.07943811267614365,0.2116992175579071
P03,181,0.06891775876283646,-0.17373420298099518,0.12073177844285965,0.2597557008266449
P04,181,0.15810555219650269,0.20090463757514954,-0.05066617205739021,0.32407820224761963
P05,181,0.07932925969362259,0.10034875571727753,-0.022811276838183403,0.1604502946138382
P06,181,0.0752447098493576,0.054693810641765594,0.07296378165483475,0.09807653725147247
P07,181,-0.0676000788807869,-0.025883235037326813,-0.22966746985912323,0.05275047942996025
P08,181,0.13437077403068542,0.2945895493030548,-0.1550319790840149,0.26355475187301636
P09,181,0.19000594317913055,0.06168553978204727,0.1269727349281311,0.3813595473766327
P01,182,-0.14743246138095856,-0.2593384087085724,-0.3156961500644684,0.1327371746301651
P02,182,0.07980907708406448,0.01924899034202099,0.026705075055360794,0.19347316026687622
P03,182,-0.08008747547864914,-0.16276980936527252,-0.15748238563537598,0.07998974621295929
P04,182,0.1343035250902176,0.06729756295681,0.15378494560718536,0.18182805180549622
P05,182,0.015128925442695618,-0.016042321920394897,-0.00751580810174346,0.06894490867853165
P06,182,0.03165150061249733,-0.10492302477359772,0.024137083441019058,0.17574045062065125
P07,182,0.1385059505701065,0.12083600461483002,0.10419473797082901,0.1904871016740799
P08,182,0.05138139799237251,-0.01695208065211773,-0.053360216319561005,0.22445650398731232
P09,182,-0.08871962875127792,-0.029011206701397896,-0.22197259962558746,-0.015175077132880688
P01,183,-0.05766059085726738,-0.01131749153137207,0.023840002715587616,-0.18550428748130798
P02,183,0.06857185065746307,0.01487652026116848,-0.03779034689068794,0.22862938046455383
P03,183,0.13238917291164398,0.07716253399848938,0.23992016911506653,0.08008479326963425
P04,183,0.2520385980606079,0.08818469196557999,0.5415089726448059,0.12642207741737366
P05,183,0.17866362631320953,0.18526606261730194,0.4587571322917938,-0.10803230851888657
P06,183,0.10733217000961304,-0.0008192152017727494,0.17613260447978973,0.14668312668800354
P07,183,0.20405231416225433,0.058332379907369614,0.4308549761772156,0.12296957522630692
P08,183,0.017296243458986282,0.027095289900898933,0.07483495026826859,-0.05004150792956352
P09,183,0.06375636905431747,-0.012868066318333149,0.09261353313922882,0.11152364313602448
P01,184,-0.05839601159095764,-0.14199557900428772,-0.0707024484872818,0.037509988993406296
P02,184,0.0250520259141922,0.03149529919028282,0.10793070495128632,-0.06426993012428284
P03,184,0.16632986068725586,-0.16455234587192535,0.23823894560337067,0.42530298233032227
P04,184,0.05953974649310112,-0.08003077656030655,0.1653001308441162,0.093349888920784
P05,184,0.10337559133768082,0.009723027236759663,0.20870640873908997,0.0916973426938057
P06,184,0.11461722105741501,0.08112265914678574,-0.12605127692222595,0.38878026604652405
P07,184,0.16284072399139404,0.027569230645895004,0.16617776453495026,0.29477518796920776
P08,184,0.016540953889489174,-0.09642664343118668,-0.03488525375723839,0.18093475699424744
P09,184,0.037901874631643295,0.1719047874212265,0.05761021748185158,-0.1158093735575676
P01,185,0.1371808797121048,0.333966463804245,0.10262103378772736,-0.02504485286772251
P02,185,0.2700387239456177,0.295611709356308,0.34941917657852173,0.1650853455066681
P03,185,0.23495851457118988,0.252847284078598,0.22719646990299225,0.2248317450284958
P04,185,0.29120710492134094,0.4529556930065155,0.1331750750541687,0.2874905467033386
P05,185,0.22784096002578735,0.2756950259208679,0.2012033313512802,0.20662450790405273
P06,185,0.07902011275291443,0.3417762219905853,-0.18626068532466888,0.08154480904340744
P07,185,0.17105507850646973,0.34865838289260864,0.2023066133260727,-0.03779980167746544
P08,185,0.16165421903133392,0.4547033905982971,-0.034313637763261795,0.06457289308309555
P09,185,0.12439850717782974,0.2952897250652313,-0.003722206689417362,0.08162803947925568
P01,186,0.12164554744958878,0.16420555114746094,0.5572774410247803,-0.3565463423728943
P02,186,-0.05914449691772461,-0.13289521634578705,0.058597858995199203,-0.10313614457845688
P03,186,0.04197834059596062,0.2460615187883377,-0.18600760400295258,0.06588109582662582
P04,186,0.24084211885929108,0.16087447106838226,0.4035087823867798,0.15814310312271118
P05,186,0.025010710582137108,-0.21659426391124725,0.12878724932670593,0.1628391444683075
P06,186,-0.012010108679533005,0.008746456354856491,-0.026582220569252968,-0.018194561824202538
P07,186,0.15290707349777222,-0.024317586794495583,0.19568173587322235,0.28735706210136414
P08,186,0.25296440720558167,0.05383916199207306,0.4150342047214508,0.2900198698043823
P09,186,0.07297072559595108,0.06523128598928452,0.18235497176647186,-0.028674082830548286
P01,187,-0.020104343071579933,-0.27404269576072693,0.031928375363349915,0.18180128931999207
P02,187,0.025308160111308098,0.11181677132844925,-0.14617089927196503,0.11027860641479492
P03,187,0.07229753583669662,-0.030889570713043213,0.2995468080043793,-0.05176464095711708
P04,187,0.05439392104744911,0.09345073997974396,0.07512614876031876,-0.005395124200731516
P05,187,0.1287543922662735,0.24912060797214508,-0.0289759524166584,0.1661185324192047
P06,187,0.08468332886695862,0.05562546104192734,0.19471003115177155,0.0037145079113543034
P07,187,0.08666646480560303,-0.0899064838886261,0.1304733157157898,0.21943257749080658
P08,187,0.10836011171340942,0.13041599094867706,0.17572692036628723,0.018937397748231888
P09,187,-0.0027001325506716967,-0.09435568004846573,0.004008094314485788,0.08224719017744064
P01,188,0.04771990701556206,-0.011336442083120346,-0.06555188447237015,0.22004804015159607
P02,188,0.16338185966014862,0.16715165972709656,0.19970668852329254,0.12328718602657318
P03,188,0.17092056572437286,0.17975953221321106,0.0640779361128807,0.2689242660999298
P04,188,0.24771010875701904,0.24606336653232574,0.30320829153060913,0.19385868310928345
P05,188,0.3687097728252411,0.16159971058368683,0.40542954206466675,0.5391000509262085
P06,188,0.21047842502593994,0.027539603412151337,0.5781794786453247,0.025716207921504974
P07,188,0.21063953638076782,0.26497113704681396,0.07930280268192291,0.2876446843147278
P08,188,-0.0454467348754406,-0.2733548581600189,0.11334875971078873,0.023665912449359894
P09,188,0.1930140256881714,0.1047918051481247,0.1732328087091446,0.3010174632072449
P01,189,0.1458907574415207,0.0834188312292099,0.297090083360672,0.05716336518526077
P02,189,-0.041903819888830185,-0.2956937849521637,0.07230620086193085,0.09767612814903259
P03,189,0.026246605440974236,-0.17469750344753265,0.12485689669847488,0.12858042120933533
P04,189,0.15644632279872894,0.26117146015167236,0.13829615712165833,0.06987133622169495
P05,189,0.11747293919324875,0.09045335650444031,0.23617680370807648,0.025788644328713417
P06,189,0.12521816790103912,0.14102225005626678,0.1512359082698822,0.08339638262987137
P07,189,-0.06572262197732925,0.14905081689357758,0.007741854526102543,-0.3539605438709259
P08,189,0.1377466768026352,0.055773381143808365,0.23996324837207794,0.11750338971614838
P09,189,0.07338947802782059,0.19865569472312927,0.10694672167301178,-0.08543398231267929
P01,190,0.019339019432663918,0.24951626360416412,-0.06295429170131683,-0.1285449117422104
P02,190,0.12309909611940384,0.09812035411596298,-0.042851850390434265,0.314028799533844
P03,190,0.019181260839104652,-0.037740178406238556,-0.05598922446370125,0.1512731909751892
P04,190,-0.033806223422288895,-0.20239600539207458,-0.025461571291089058,0.1264389008283615
P05,190,0.11347208172082901,0.06543170660734177,0.1745103895664215,0.10047415643930435
P06,190,0.05282509699463844,0.09631301462650299,0.15995629131793976,-0.09779401123523712
P07,190,0.06436416506767273,-0.055455468595027924,-0.15512706339359283,0.40367501974105835
P08,190,0.11734361201524734,0.09594359248876572,-0.029902013018727303,0.28598925471305847
P09,190,0.07392153143882751,-0.05046948418021202,-0.06537724286317825,0.3376113176345825
P01,191,0.06107978895306587,0.043681349605321884,-0.13775554299354553,0.27731356024742126
P02,191,-0.10441622883081436,-0.07437825947999954,-0.06251072883605957,-0.17635971307754517
P03,191,-0.05055190995335579,-0.1525319665670395,-0.2062520682811737,0.20712828636169434
P04,191,0.02074010670185089,0.15530474483966827,0.08780808746814728,-0.18089251220226288
P05,191,0.20281368494033813,0.18245626986026764,0.07831691205501556,0.3476678729057312
P06,191,0.12402258068323135,0.25381219387054443,0.004917323589324951,0.11333821713924408
P07,191,-0.15178199112415314,-0.3354834318161011,-0.10437270998954773,-0.015489832498133183
P08,191,-0.012149512767791748,0.231536403298378,-0.22727534174919128,-0.04070959985256195
P09,191,0.042641531676054,0.07017920166254044,-0.0771053284406662,0.13485071063041687
P01,192,0.0011294534197077155,-0.010269046761095524,-0.06800065189599991,0.08165805786848068
P02,192,0.04262402281165123,0.04366666451096535,0.28279075026512146,-0.19858534634113312
P03,192,-0.053054630756378174,0.1682562530040741,-0.1578201949596405,-0.16959995031356812
P04,192,0.07577943056821823,-0.0331067219376564,0.3323686420917511,-0.0719236359000206
P05,192,0.10166404396295547,0.023098908364772797,0.31766873598098755,-0.03577551990747452
P06,192,-0.0073508769273757935,-0.22886061668395996,0.13083837926387787,0.07596960663795471
P07,192,0.1426314264535904,0.04519045352935791,0.14175011217594147,0.2409537136554718
P08,192,-0.02553434669971466,-0.12657566368579865,0.10239602625370026,-0.05242340639233589
P09,192,0.13406188786029816,0.004172277636826038,0.319306880235672,0.07870654761791229
P01,193,0.033738140016794205,0.08094922453165054,-0.09921100735664368,0.11947619915008545
P02,193,0.07112030684947968,0.1083303689956665,-0.0970328152179718,0.20206336677074432
P03,193,-0.08799820393323898,-0.16940917074680328,-0.14549602568149567,0.050910584628582
P04,193,0.11531874537467957,0.08955693989992142,0.1088346317410469,0.14756466448307037
P05,193,-0.13108985126018524,0.13812990486621857,-0.1809779554605484,-0.3504215180873871
P06,193,0.001851023524068296,-0.08576599508523941,0.06513337790966034,0.026185687631368637
P07,193,-0.10235092788934708,-0.04194307327270508,0.035438284277915955,-0.3005480170249939
P08,193,0.014323289506137371,0.0700845941901207,-0.12676598131656647,0.09965125471353531
P09,193,-0.031805116683244705,-0.08934725075960159,-0.16911406815052032,0.1630459725856781
P01,194,-0.042359817773103714,0.034875210374593735,-0.18285992741584778,0.020905259996652603
P02,194,0.04716375097632408,0.018905697390437126,-0.030051765963435173,0.15263731777668
P03,194,0.002689975081011653,-0.13466034829616547,0.1162099540233612,0.026520319283008575
P04,194,0.0713321641087532,0.008877938613295555,0.16658608615398407,0.038532473146915436
P05,194,0.016276659443974495,-0.0070404489524662495,0.10700405389070511,-0.05113362893462181
P06,194,-0.013454417698085308,0.24815893173217773,0.008602333255112171,-0.2971245050430298
P07,194,-0.006689436733722687,-0.0522795170545578,0.11223533749580383,-0.08002413064241409
P08,194,-0.04094419255852699,0.03638457506895065,-0.21094518899917603,0.051728032529354095
P09,194,-0.001959074754267931,-0.043832067400217056,0.03786289319396019,9.19500962481834e-05
P01,195,-0.020249709486961365,-0.010880663059651852,-0.28725022077560425,0.2373817414045334
P02,195,0.1139780655503273,0.18917594850063324,0.058628808706998825,0.09412943571805954
P03,195,-0.004859577398747206,-0.036990340799093246,0.043772339820861816,-0.0213607307523489
P04,195,-0.14181651175022125,-0.06836627423763275,-0.3131844103336334,-0.04389888420701027
P05,195,0.0893012285232544,-0.006682058330625296,0.2561829686164856,0.01840277574956417
P06,195,0.028707094490528107,0.18508897721767426,-0.07778488844633102,-0.02118280529975891
P07,195,-0.049978405237197876,0.0792803019285202,-0.15287303924560547,-0.07634248584508896
P08,195,0.013159110210835934,-0.019277608022093773,0.08823364228010178,-0.029478702694177628
P09,195,0.15926842391490936,0.064927838742733,0.30616822838783264,0.10670917481184006
P01,196,0.0316280759871006,0.12932653725147247,-0.19458582997322083,0.16014352440834045
P02,196,0.039186786860227585,0.19912189245224,-0.013354905880987644,-0.06820661574602127
P03,196,-0.11331398040056229,-0.08151642233133316,-0.20465104281902313,-0.05377447232604027
P04,196,-0.2109704464673996,-0.0965171679854393,-0.2489912509918213,-0.2874029278755188
P05,196,-0.011854350566864014,0.03620602563023567,0.10464604943990707,-0.17641513049602509
P06,196,0.06898552924394608,0.2404731810092926,-0.010312977246940136,-0.023203622549772263
P07,196,0.16551466286182404,0.4387303590774536,0.11183039098978043,-0.05401679500937462
P08,196,-0.05554202198982239,-0.07781251519918442,0.07412240654230118,-0.16293595731258392
P09,196,-0.01705378107726574,0.19304010272026062,-0.1667787730693817,-0.07742267102003098
P01,197,-0.08720465749502182,-0.011239767074584961,-0.08768495172262192,-0.1626892387866974
P02,197,0.06751280277967453,0.22259770333766937,-0.00015719533257652074,-0.01990208961069584
P03,197,0.103819340467453,0.3071726858615875,0.07098715752363205,-0.06670182198286057
P04,197,-0.07459936290979385,0.30687299370765686,-0.38706913590431213,-0.14360195398330688
P05,197,0.0888223722577095,0.0009141882183030248,0.14578238129615784,0.11977054923772812
P06,197,0.0628298744559288,0.007944031618535519,0.251035213470459,-0.07048961520195007
P07,197,0.15604932606220245,0.17700780928134918,0.057133134454488754,0.23400704562664032
P08,197,0.06894413381814957,0.2501136362552643,0.03143428638577461,-0.0747155174612999
P09,197,0.27786490321159363,0.38045424222946167,0.19872096180915833,0.2544194161891937
P01,198,0.14349226653575897,0.2775687575340271,-0.02730129472911358,0.18020930886268616
P02,198,0.0358627587556839,0.09472107887268066,0.048494599759578705,-0.03562740609049797
P03,198,0.2488311529159546,0.19641511142253876,0.48996302485466003,0.06011535972356796
P04,198,0.16113342344760895,0.23175309598445892,0.4302612841129303,-0.17861410975456238
P05,198,0.2562755048274994,0.352865993976593,0.2803053557872772,0.13565519452095032
P06,198,0.3104240596294403,0.2788620591163635,0.43981388211250305,0.21259614825248718
P07,198,0.18656210601329803,0.1519285887479782,0.4085640013217926,-0.0008062600973062217
P08,198,0.05919666588306427,0.3154124915599823,0.026071706786751747,-0.1638941913843155
P09,198,0.2619490921497345,0.3224371075630188,0.4121532738208771,0.05125689506530762
P01,199,-0.02584238350391388,0.1187376156449318,-0.08739686012268066,-0.10886790603399277
P02,199,0.05567188933491707,0.26507505774497986,-0.0013667483581230044,-0.09669265896081924
P03,199,0.020805316045880318,-0.0883558914065361,-0.001854328322224319,0.152626171708107
P04,199,-0.1720188707113266,-0.02625369280576706,-0.2240460216999054,-0.26575687527656555
P05,199,0.10054869204759598,0.1686977744102478,0.14673323929309845,-0.013784925453364849
P06,199,0.02439054846763611,0.015307680703699589,0.020743222907185555,0.03712074086070061
P07,199,0.11726903170347214,0.1544305384159088,0.1403869241476059,0.056989628821611404
P08,199,-0.04472340643405914,0.056526586413383484,0.0562015064060688,-0.24689830839633942
P09,199,-0.09914729744195938,0.04789935424923897,-0.28398647904396057,-0.061354756355285645
P01,200,0.06564275175333023,0.06390214711427689,-0.1391153335571289,0.2721414566040039
P02,200,0.15089325606822968,0.0019374152179807425,0.07832422852516174,0.3724181354045868
P03,200,0.0245611984282732,0.0613916739821434,-0.1452038735151291,0.15749579668045044
P04,200,0.03741813078522682,-0.07758629322052002,-0.05996967852115631,0.2498103678226471
P05,200,0.2532108724117279,0.16107580065727234,0.03754298761487007,0.5610138177871704
P06,200,0.29652640223503113,0.24128581583499908,0.2560718357563019,0.39222151041030884
P07,200,-0.06384962052106857,0.12218998372554779,0.06008119136095047,-0.373820036649704
P08,200,0.1757044643163681,0.11535058170557022,0.09259562939405441,0.3191671669483185
P09,200,0.20248347520828247,0.025150736793875694,0.17319637537002563,0.4091033339500427
P01,201,0.05933963134884834,0.14452014863491058,-0.18904384970664978,0.22254259884357452
P02,201,0.11644484847784042,0.29768118262290955,0.014911756850779057,0.03674159198999405
P03,201,0.04412326216697693,0.05970260128378868,-0.057138070464134216,0.12980525195598602
P04,201,-0.06105395033955574,0.1431596279144287,-0.28305041790008545,-0.04327107220888138
P05,201,-0.03313412144780159,0.08637083321809769,-0.20053216814994812,0.014758976176381111
P06,201,0.14917577803134918,0.13173438608646393,0.07269910722970963,0.2430938184261322
P07,201,0.1351860761642456,-0.05308936536312103,0.14681267738342285,0.3118349313735962
P08,201,-0.019315829500555992,0.13411970436573029,-0.0891355350613594,-0.10293165594339371
P09,201,0.02667885459959507,0.23980388045310974,0.013550369068980217,-0.17331768572330475
P01,202,0.0035920043010264635,-0.26164135336875916,0.017927464097738266,0.2544898986816406
P02,202,-0.0597890168428421,-0.04269075393676758,-0.29136544466018677,0.15468914806842804
P03,202,-0.09971746057271957,-0.045991841703653336,0.06374620646238327,-0.31690675020217896
P04,202,-0.06126473471522331,0.04368230327963829,0.14803627133369446,-0.3755127787590027
P05,202,0.1090548038482666,-0.03001723624765873,0.23387126624584198,0.1233103945851326
P06,202,0.07496901601552963,0.12568530440330505,0.09900064021348953,0.00022112528677098453
P07,202,0.19132192432880402,0.20948748290538788,0.3075673282146454,0.05691099911928177
P08,202,0.10341831296682358,0.24344778060913086,0.11593744158744812,-0.049130287021398544
P09,202,-0.11447490006685257,-0.00991189107298851,-0.41151878237724304,0.07800596207380295
P01,203,0.14736588299274445,-0.038925670087337494,0.1622193604707718,0.31880393624305725
P02,203,0.2407727837562561,0.06768226623535156,0.10026078671216965,0.5543752908706665
P03,203,0.02862190641462803,0.150716632604599,-0.13804754614830017,0.07319663465023041
P04,203,0.17959773540496826,0.04123714938759804,-0.029777364805340767,0.5273334383964539
P05,203,0.23761843144893646,0.1788366585969925,-0.07280871272087097,0.6068273186683655
P06,203,-0.07846374064683914,0.10355396568775177,-0.03356139734387398,-0.3053838014602661
P07,203,-0.04946761205792427,0.07298556715250015,-0.13368752598762512,-0.08770087361335754
P08,203,-0.06801915913820267,-0.25505882501602173,-0.1779015213251114,0.22890284657478333
P09,203,-0.07203439623117447,-0.07402906566858292,-0.12200068682432175,-0.02007342502474785
P01,204,0.03670253977179527,-0.10017207264900208,0.2622610926628113,-0.05198140814900398
P02,204,0.06047344580292702,0.13720032572746277,0.0317036435008049,0.012516357935965061
P03,204,0.05330876633524895,0.18176612257957458,-0.04709978401660919,0.025259964168071747
P04,204,-0.03144145384430885,-0.10691315680742264,-0.1081484705209732,0.12073727697134018
P05,204,-0.09773673862218857,-0.1340004801750183,-0.016164520755410194,-0.14304518699645996
P06,204,0.025033434852957726,0.024790890514850616,0.3379770815372467,-0.2876676619052887
P07,204,0.125232994556427,-0.15949957072734833,0.20987357199192047,0.32532498240470886
P08,204,0.04090170934796333,0.028866205364465714,-0.00016841590695548803,0.09400733560323715
P09,204,0.12923036515712738,0.15497411787509918,0.24143452942371368,-0.0087175527587533
P01,205,0.21905404329299927,0.14775225520133972,0.04723568633198738,0.4621742069721222
P02,205,0.23023028671741486,0.2988346815109253,0.01646488532423973,0.37539130449295044
P03,205,0.42335954308509827,0.3833278715610504,0.30473148822784424,0.5820192694664001
P04,205,0.1679508239030838,0.3081917464733124,-0.033262938261032104,0.2289237082004547
P05,205,0.21090765297412872,0.13328459858894348,0.24772994220256805,0.25170841813087463
P06,205,0.20106638967990875,0.46119531989097595,-0.13664668798446655,0.27865055203437805
P07,205,0.11883463710546494,0.2529758810997009,0.02848522737622261,0.07504279166460037
P08,205,0.20237994194030762,0.35256698727607727,0.13791817426681519,0.1166546568274498
P09,205,0.10974235087633133,0.25631362199783325,0.0581020787358284,0.014811361208558083
P01,206,0.03219937905669212,0.094664566218853,0.1309908926486969,-0.12905733287334442
P02,206,0.1332157701253891,0.39914920926094055,0.08261487632989883,-0.08211676776409149
P03,206,0.08543466776609421,0.08474525064229965,0.11136846244335175,0.06019029766321182
P04,206,-0.004574574530124664,-0.27731549739837646,0.14703114330768585,0.11656063050031662
P05,206,0.09681358933448792,0.04732990264892578,0.18789799511432648,0.05521286651492119
P06,206,0.1498824805021286,0.1405046582221985,0.2507069408893585,0.05843585357069969
P07,206,0.054696232080459595,0.2481127381324768,-0.0081848856061697,-0.07583916932344437
P08,206,0.224187970161438,-0.01624397374689579,0.5034300088882446,0.18537788093090057
P09,206,0.11145081371068954,0.38748645782470703,0.05901714786887169,-0.11215118318796158
P01,207,0.058310624212026596,-0.057368602603673935,-0.19129641354084015,0.42359688878059387
P02,207,0.030239975079894066,0.24532866477966309,-0.08562122285366058,-0.06898751854896545
P03,207,-0.1238783597946167,-0.1885191649198532,-0.01073335763067007,-0.17238257825374603
P04,207,0.04875542223453522,-0.08257327228784561,0.22891299426555634,-7.345279300352558e-05
P05,207,0.07419193536043167,0.2508423626422882,-0.03610069677233696,0.007834129966795444
P06,207,0.15968334674835205,0.27517610788345337,0.06264890730381012,0.14122505486011505
P07,207,0.01747392863035202,0.026956845074892044,0.03924209251999855,-0.013777152635157108
P08,207,-0.02341516874730587,0.0025139173958450556,-0.10848472267389297,0.03572530671954155
P09,207,-0.12449779361486435,-0.252147376537323,-0.14434833824634552,0.023002322763204575
P01,208,-0.033709391951560974,0.2708072364330292,-0.21787558495998383,-0.15405982732772827
P02,208,0.09872478246688843,0.2199876606464386,-0.23446416854858398,0.31065085530281067
P03,208,0.10782650113105774,0.24030466377735138,0.013830901123583317,0.0693439319729805
P04,208,0.0432073213160038,0.182926744222641,0.09562332183122635,-0.14892809092998505
P05,208,0.14115367829799652,0.008303173817694187,0.28626328706741333,0.12889455258846283
P06,208,-0.0014156451215967536,0.13299046456813812,-0.03832578659057617,-0.09891161322593689
P07,208,0.03699954226613045,-0.1506877839565277,-0.08220424503087997,0.3438906669616699
P08,208,0.035188931971788406,-0.06128348037600517,-0.20285727083683014,0.36970755457878113
P09,208,-0.006429021712392569,0.13686686754226685,-0.0300481878221035,-0.12610574066638947
P01,209,0.019309887662529945,-0.009360698983073235,-0.26748448610305786,0.33477485179901123
P02,209,-0.10367029905319214,-0.09609208256006241,-0.07210874557495117,-0.14281007647514343
P03,209,-0.028974218294024467,-0.016131103038787842,-0.07341710478067398,0.0026255548000335693
P04,209,0.013526052236557007,-0.183826744556427,-0.21163758635520935,0.4360424876213074
P05,209,-0.12435951083898544,-0.14445938169956207,0.04706847295165062,-0.2756876051425934
P06,209,0.07906761765480042,0.06115904822945595,-0.06132274121046066,0.23736654222011566
P07,209,0.05429701507091522,-0.01823633536696434,-0.14095766842365265,0.32208505272865295
P08,209,-0.02321545220911503,-0.01849517971277237,-0.2092127799987793,0.15806159377098083
P09,209,-0.1071157455444336,0.00475155096501112,-0.11845480650663376,-0.20764398574829102
P01,210,0.08232877403497696,0.01213928684592247,0.30167287588119507,-0.06682584434747696
P02,210,0.05292500928044319,0.2494177222251892,0.03214176744222641,-0.12278447300195694
P03,210,-0.05076315999031067,-0.0031433324329555035,-0.22808538377285004,0.07893923670053482
P04,210,0.2697625458240509,0.4097658693790436,0.20674636960029602,0.19277535378932953
P05,210,0.11263466626405716,0.28658971190452576,0.08521711081266403,-0.033902812749147415
P06,210,0.18119393289089203,0.120547816157341,0.22011037170886993,0.20292359590530396
P07,210,0.1586846560239792,0.32098400592803955,-0.07969436794519424,0.23476430773735046
P08,210,0.0436643548309803,0.34761327505111694,-0.2214786261320114,0.004858422093093395
P09,210,0.11069496721029282,-0.15204674005508423,0.12353168427944183,0.36059996485710144
P01,211,0.05176231265068054,0.15613244473934174,-0.16704648733139038,0.16620098054409027
P02,211,0.013207132928073406,0.09477148950099945,-0.026863910257816315,-0.02828618325293064
P03,211,0.006432096008211374,0.1844806969165802,0.05371825769543648,-0.21890266239643097
P04,211,0.11757326126098633,0.011992883868515491,0.2958742380142212,0.04485265910625458
P05,211,0.07030706852674484,0.0023157575633376837,-0.03417885676026344,0.2427842915058136
P06,211,0.1396530419588089,0.40765708684921265,0.10052762180566788,-0.08922560513019562
P07,211,0.068513423204422,0.05846448987722397,-0.009302111342549324,0.1563778817653656
P08,211,0.12845121324062347,0.16286948323249817,0.016703804954886436,0.20578032732009888
P09,211,0.2051813155412674,0.3239435851573944,0.10666798055171967,0.1849323958158493
P01,212,0.06806878000497818,0.07697020471096039,0.1679520308971405,-0.04071589931845665
P02,212,-0.05436968430876732,-0.08411648124456406,0.04835778847336769,-0.1273503601551056
P03,212,0.14128024876117706,0.14780078828334808,0.13796286284923553,0.13807711005210876
P04,212,0.022788599133491516,0.10160565376281738,-0.010127770714461803,-0.023112086579203606
P05,212,-0.06313326954841614,-0.014180298894643784,-0.07135149836540222,-0.10386800765991211
P06,212,0.08705656975507736,0.04558538645505905,0.18104985356330872,0.03453445062041283
P07,212,-0.02690567821264267,0.10135629028081894,0.00914673786610365,-0.19122005999088287
P08,212,-0.039887599647045135,0.08295856416225433,-0.010838587768375874,-0.19178277254104614
P09,212,0.17117537558078766,0.2721049189567566,-0.0010492762085050344,0.24247051775455475
P01,213,0.027622004970908165,0.24173584580421448,0.059250641614198685,-0.2181204855442047
P02,213,-0.1411980390548706,-0.11108531057834625,-0.039372071623802185,-0.2731367349624634
P03,213,-0.11753732711076736,0.043907370418310165,-0.3103790879249573,-0.08614028245210648
P04,213,0.0342862568795681,0.10931865870952606,-0.1999487727880478,0.19348888099193573
P05,213,0.06423509120941162,0.2954370379447937,0.17705346643924713,-0.2797852158546448
P06,213,0.08327708393335342,0.2371736317873001,-0.03796127066016197,0.05061888322234154
P07,213,0.05839784815907478,0.05695459619164467,-0.01113012246787548,0.1293690800666809
P08,213,-0.041441094130277634,0.1373545080423355,-0.12184999138116837,-0.13982780277729034
P09,213,-0.05909159779548645,0.02679084986448288,-0.2470819503068924,0.043016307055950165
P01,214,-0.061281561851501465,-0.32037338614463806,0.044695790857076645,0.09183290600776672
P02,214,0.03395469859242439,-0.15991976857185364,0.16665878891944885,0.09512507170438766
P03,214,0.149402916431427,0.08643337339162827,0.09433922171592712,0.267436146736145
P04,214,0.08685531467199326,0.09362567216157913,0.13308341801166534,0.0338568277657032
P05,214,0.052603352814912796,-0.16981463134288788,0.03835620731115341,0.28926849365234375
P06,214,-0.029774511232972145,0.039477478712797165,0.13375383615493774,-0.2625548541545868
P07,214,-0.06233084201812744,0.034620609134435654,0.16630715131759644,-0.3879202902317047
P08,214,0.04397023096680641,-0.07032530754804611,0.08154387772083282,0.12069212645292282
P09,214,0.13115696609020233,0.04169071838259697,0.15649843215942383,0.1952817589044571
P01,215,0.05040804669260979,0.15171852707862854,-0.06715003401041031,0.06665564328432083
P02,215,-0.006471239496022463,-0.06857181340456009,0.07880993187427521,-0.029651837423443794
P03,215,0.03550935909152031,0.15667901933193207,0.10868466645479202,-0.15883561968803406
P04,215,0.07652654498815536,-0.07044468075037003,0.12589386105537415,0.17413043975830078
P05,215,0.0015898769488558173,0.05858912318944931,-0.17322488129138947,0.11940538883209229
P06,215,0.06376275420188904,0.16833314299583435,0.11846701800823212,-0.09551188349723816
P07,215,0.03367754444479942,-0.027045393362641335,0.17923150956630707,-0.05115348473191261
P08,215,-0.12612389028072357,0.026842091232538223,-0.28754156827926636,-0.11767220497131348
P09,215,-0.06192304193973541,0.2133283168077469,-0.17722377181053162,-0.2218736708164215
P01,216,0.1030096784234047,0.20474490523338318,-0.04613810405135155,0.15042223036289215
P02,216,0.0828196182847023,0.1858699470758438,0.07242105901241302,-0.009832157753407955
P03,216,0.02218770980834961,-0.042441584169864655,0.09710411727428436,0.011900593526661396
P04,216,0.0026751235127449036,0.22423015534877777,-0.1863318234682083,-0.029872961342334747
P05,216,-0.0834164246916771,0.008855207823216915,-0.10490908473730087,-0.1541953831911087
P06,216,0.07257147878408432,0.04681806266307831,0.04953617602586746,0.121360182762146
P07,216,0.0013140154769644141,0.17137621343135834,-0.16401024162769318,-0.003423925256356597
P08,216,-0.12400168180465698,-0.03806032985448837,-0.2807517647743225,-0.05319293588399887
P09,216,0.06514804810285568,-0.08324575424194336,-0.04257267341017723,0.32126256823539734
P01,217,-0.0874611958861351,0.019258523359894753,-0.14828385412693024,-0.13335826992988586
P02,217,-0.2000163346529007,-0.07676500827074051,-0.23323458433151245,-0.29004940390586853
P03,217,0.09095553308725357,-0.05272828787565231,0.22990109026432037,0.09569378197193146
P04,217,0.010603045113384724,0.10173603892326355,0.07723536342382431,-0.1471622735261917
P05,217,-0.043869372457265854,-0.14687956869602203,0.14455285668373108,-0.1292814016342163
P06,217,-0.1680678129196167,-0.067276731133461,-0.0503135584294796,-0.3866131603717804
P07,217,0.053313031792640686,0.20015066862106323,-0.03031865507364273,-0.009892920963466167
P08,217,0.08957282453775406,0.14808429777622223,0.06488899141550064,0.055745188146829605
P09,217,0.05528200790286064,0.029292864724993706,0.09399852156639099,0.04255462437868118
P01,218,0.09730658680200577,0.17777827382087708,0.013455317355692387,0.10068618506193161
P02,218,0.193362757563591,0.2919377088546753,0.08878710865974426,0.19936345517635345
P03,218,0.08846018463373184,0.055404722690582275,0.06479451805353165,0.1451813280582428
P04,218,-0.00015894323587417603,0.24535097181797028,-0.33886095881462097,0.09303315728902817
P05,218,0.1539338082075119,0.43805593252182007,0.011014155112206936,0.012731337919831276
P06,218,-0.12968669831752777,-0.05825915187597275,-0.13213974237442017,-0.19866116344928741
P07,218,0.14422573149204254,0.30553123354911804,0.0973062515258789,0.029839729890227318
P08,218,0.04147380590438843,0.20457924902439117,-0.32796579599380493,0.24780796468257904
P09,218,0.08828044682741165,0.18403948843479156,0.192439004778862,-0.11163714528083801
P01,219,0.1070815846323967,0.3441891074180603,0.0760650485754013,-0.09900941699743271
P02,219,0.10458871722221375,0.17310787737369537,0.040625397115945816,0.10003288835287094
P03,219,-0.06471169739961624,-0.04379594698548317,-0.3146587908267975,0.16431964933872223
P04,219,0.12189681082963943,0.06231003999710083,0.17118285596370697,0.1321975439786911
P05,219,0.1152123212814331,0.13769768178462982,-0.04502280429005623,0.2529620826244354
P06,219,0.01665174961090088,-0.12315432727336884,-0.13572131097316742,0.3088308870792389
P07,219,-0.12536127865314484,-0.15583272278308868,-0.2403419315814972,0.020090829581022263
P08,219,-0.09734437614679337,0.2107836902141571,-0.4143896698951721,-0.08842716366052628
P09,219,0.07409173995256424,0.1447323113679886,-0.02937028743326664,0.10691320151090622
P01,220,0.15326911211013794,0.27251675724983215,0.43353334069252014,-0.24624276161193848
P02,220,-0.03697607293725014,-0.24273723363876343,-0.055907078087329865,0.18771608173847198
P03,220,0.09129246324300766,-0.00014591017679776996,0.34225043654441833,-0.0682271346449852
P04,220,0.11628960818052292,0.23746146261692047,0.02548607625067234,0.0859212875366211
P05,220,0.20519965887069702,0.2571851313114166,0.42177295684814453,-0.06335906684398651
P06,220,-0.12394597381353378,-0.21665124595165253,-0.18103930354118347,0.025852620601654053
P07,220,0.16990797221660614,0.19685593247413635,0.14292077720165253,0.16994723677635193
P08,220,0.1635742038488388,0.45690852403640747,0.002431380795314908,0.03138269856572151
P09,220,-0.03311905264854431,-0.1686764657497406,0.13567714393138885,-0.06635783612728119
P01,221,-0.019587071612477303,-0.12264849245548248,0.16751433908939362,-0.10362706333398819
P02,221,0.07689374685287476,0.3015803098678589,-0.1282385140657425,0.05733943730592728
P03,221,0.039134010672569275,0.06763976067304611,0.2026655673980713,-0.15290330350399017
P04,221,0.0034783929586410522,0.0380074568092823,0.04872236028313637,-0.07629463821649551
P05,221,0.007806658279150724,0.3235052227973938,-0.2948836386203766,-0.005201609805226326
P06,221,0.11363933235406876,-0.13785600662231445,0.07914809882640839,0.39962589740753174
P07,221,-0.0025353047531098127,0.18987004458904266,-0.16224712133407593,-0.03522883728146553
P08,221,0.15856267511844635,0.06179669871926308,0.13202112913131714,0.2818702161312103
P09,221,0.02309291623532772,0.08568334579467773,-0.026022521778941154,0.009617922827601433
P01,222,0.45902690291404724,0.4650537073612213,0.5279027223587036,0.3841242790222168
P02,222,0.23354436457157135,0.4273506700992584,-0.11819664388895035,0.3914790749549866
P03,222,0.1258259266614914,0.23261870443820953,0.20587892830371857,-0.06101984158158302
P04,222,0.17989645898342133,0.3962821364402771,0.12921486794948578,0.014192316681146622
P05,222,0.4612400233745575,0.44946160912513733,0.27596917748451233,0.6582892537117004
P06,222,0.05140751600265503,0.4679143726825714,-0.27956685423851013,-0.03412497043609619
P07,222,0.35826191306114197,0.5996924042701721,0.09495868533849716,0.380134642124176
P08,222,0.25111961364746094,0.29835280776023865,0.15179775655269623,0.30320826172828674
P09,222,0.16474993526935577,-0.08199185878038406,0.2949598431587219,0.28128182888031006
P01,223,0.09649697691202164,-0.017622703686356544,0.3580865263938904,-0.05097288638353348
P02,223,-0.08486970514059067,-0.13671232759952545,0.14100708067417145,-0.2589038610458374
P03,223,-0.18607346713542938,-0.053700756281614304,-0.3266107141971588,-0.17790892720222473
P04,223,-0.019922323524951935,-0.17128321528434753,0.2086804211139679,-0.09716417640447617
P05,223,-0.01693614199757576,-0.13180138170719147,0.039285846054553986,0.0417071096599102
P06,223,0.10091066360473633,0.013563688844442368,0.3130546510219574,-0.02388635091483593
P07,223,-0.05928737297654152,-0.0014022469986230135,-0.15630394220352173,-0.020155930891633034
P08,223,0.05482863262295723,-0.06906098872423172,-0.09116721153259277,0.3247140944004059
P09,223,-0.10360463708639145,-0.02847391739487648,-0.26849156618118286,-0.013848423957824707
P01,224,0.04073851928114891,-0.08071625977754593,0.28390803933143616,-0.08097623288631439
P02,224,-0.02698216587305069,-0.24809317290782928,0.13354049623012543,0.03360617905855179
P03,224,0.052954673767089844,-0.045126643031835556,0.2515814006328583,-0.04759073629975319
P04,224,0.023351574316620827,-0.10004843026399612,0.16192184388637543,0.008181307464838028
P05,224,-0.0937272384762764,-0.39271271228790283,0.10293829441070557,0.008592693135142326
P06,224,-0.03391781076788902,-0.15476615726947784,0.1098344475030899,-0.05682172626256943
P07,224,-0.01437400747090578,-0.11543107032775879,0.14844964444637299,-0.07614059746265411
P08,224,0.10144200176000595,-0.16308481991291046,0.14378181099891663,0.3236289918422699
P09,224,0.041244909167289734,0.04264060780405998,0.005240440368652344,0.07585367560386658
P01,225,0.19662326574325562,0.12477350234985352,0.21537111699581146,0.24972517788410187
P02,225,0.15294702351093292,0.33078205585479736,-0.06170571967959404,0.18976472318172455
P03,225,-0.137350395321846,-0.1852010041475296,-0.04694836586713791,-0.1799018532037735
P04,225,-0.05543980374932289,-0.05997653678059578,-0.2580743432044983,0.151731476187706
P05,225,-0.08523360639810562,-0.011866096407175064,-0.16135677695274353,-0.08247796446084976
P06,225,-0.05779276415705681,-0.15319134294986725,-0.0549946054816246,0.034807659685611725
P07,225,-0.0022288132458925247,-0.06607136875391006,0.034416161477565765,0.024968767538666725
P08,225,-0.011319555342197418,0.06437376141548157,-0.09290254861116409,-0.005429879762232304
P09,225,-0.17837852239608765,0.1895720511674881,-0.2987208664417267,-0.42598676681518555
P01,226,0.16156430542469025,0.18428513407707214,0.21709702908992767,0.08331077545881271
P02,226,0.16417384147644043,0.1720496267080307,-0.15473154187202454,0.47520342469215393
P03,226,-0.00809117779135704,-0.025092236697673798,-0.04752962291240692,0.0483483262360096
P04,226,0.10058888792991638,0.18791981041431427,0.13457588851451874,-0.020729033276438713
P05,226,0.19457869231700897,0.4378655254840851,0.06613525748252869,0.07973526418209076
P06,226,0.006801962852478027,0.17414812743663788,0.23688523471355438,-0.3906274735927582
P07,226,0.17639939486980438,0.08284234255552292,0.1425277143716812,0.3038281202316284
P08,226,-0.024561762809753418,0.06576421856880188,0.04357810690999031,-0.18302761018276215
P09,226,0.1435459703207016,0.28879204392433167,0.15411074459552765,-0.012264915741980076
P01,227,0.0727953389286995,0.05270831659436226,0.0915616974234581,0.07411599159240723
P02,227,0.1491370052099228,0.21516211330890656,0.34692904353141785,-0.11468017846345901
P03,227,0.1525074988603592,0.30139076709747314,0.21023200452327728,-0.054100263863801956
P04,227,0.20680570602416992,0.4218825101852417,0.036426570266485214,0.16210800409317017
P05,227,0.2021927833557129,0.3530506193637848,-0.12586066126823425,0.3793884217739105
P06,227,0.17164665460586548,0.480050265789032,-0.032283056527376175,0.06717277318239212
P07,227,0.2992982864379883,0.14205870032310486,0.139026939868927,0.6168091893196106
P08,227,0.10377901047468185,-0.017924869433045387,0.0391833558678627,0.2900785505771637
P09,227,-0.0006692757015116513,0.28595879673957825,-0.11859898269176483,-0.16936764121055603
P01,228,0.15947340428829193,0.23376347124576569,0.20858189463615417,0.036074843257665634
P02,228,0.021378839388489723,-0.09733427315950394,-0.08548261225223541,0.24695341289043427
P03,228,-0.050827983766794205,0.02433042600750923,-0.2136591523885727,0.03684477135539055
P04,228,0.12455198913812637,0.31434473395347595,0.17874054610729218,-0.11942930519580841
P05,228,0.10669221729040146,0.15848183631896973,-0.08604332059621811,0.24763813614845276
P06,228,0.08494924753904343,0.03982090577483177,0.20026113092899323,0.014765681698918343
P07,228,0.12041408568620682,-0.00737600727006793,0.04180402681231499,0.3268142342567444
P08,228,0.1650170385837555,0.18132643401622772,0.12484797090291977,0.18887671828269958
P09,228,-0.09720521420240402,-0.08726700395345688,-0.08762414753437042,-0.11672449111938477
P01,229,-0.13941383361816406,-0.05270891636610031,-0.2279343158006668,-0.13759826123714447
P02,229,-0.035486940294504166,-0.11947158724069595,0.06092291697859764,-0.04791215807199478
P03,229,-0.02477061003446579,0.12584947049617767,-0.11254370957612991,-0.08761759102344513
P04,229,-0.03994385525584221,0.06058908626437187,-0.26450440287590027,0.08408375084400177
P05,229,-0.06420997530221939,-0.30709487199783325,0.12529785931110382,-0.010832905769348145
P06,229,-0.15346208214759827,-0.09379243850708008,0.06586592644453049,-0.4324597418308258
P07,229,-0.09037468582391739,0.07533977925777435,-0.07323494553565979,-0.2732289135456085
P08,229,0.05898881331086159,0.010235832072794437,0.21665576100349426,-0.04992515221238136
P09,229,0.0030034135561436415,0.11653920263051987,0.10745283961296082,-0.214981809258461
P01,230,0.0695062056183815,0.1646340936422348,-0.17313474416732788,0.21701927483081818
P02,230,-0.032626278698444366,-0.15724001824855804,0.06336779147386551,-0.004006608389317989
P03,230,-0.020978229120373726,-0.06267580389976501,0.05018778517842293,-0.05044667050242424
P04,230,0.15092861652374268,0.10333032160997391,0.1900167167186737,0.15943880379199982
P05,230,-0.041094861924648285,-0.0857468768954277,-0.12928065657615662,0.09174295514822006
P06,230,0.05145704746246338,0.025256840512156487,0.23166267573833466,-0.10254836082458496
P07,230,-0.05384118854999542,-0.07661004364490509,-0.07846863567829132,-0.006444887258112431
P08,230,0.10220702737569809,0.3145400285720825,-0.06183172017335892,0.05391276627779007
P09,230,0.07158908247947693,0.1143624559044838,0.18949495255947113,-0.08909017592668533
P01,231,0.08976618200540543,-0.1254369467496872,0.08798212558031082,0.30675336718559265
P02,231,0.20293079316616058,0.15701229870319366,-0.03640291839838028,0.4881829619407654
P03,231,-0.14206120371818542,-0.3114883303642273,-0.06550319492816925,-0.04919211193919182
P04,231,0.1478598564863205,0.24526618421077728,0.1352808177471161,0.0630325898528099
P05,231,0.22071512043476105,0.15757881104946136,0.2566990256309509,0.24786755442619324
P06,231,0.10546930879354477,0.14768841862678528,0.09844594448804855,0.07027355581521988
P07,231,0.10314786434173584,0.2042543739080429,-0.047767993062734604,0.15295721590518951
P08,231,0.08505833894014359,0.28354236483573914,-0.12670835852622986,0.09834101796150208
P09,231,0.12671463191509247,0.27946072816848755,-0.13855305314064026,0.23923619091510773
P01,232,0.14312364161014557,-0.08919808268547058,0.31148961186408997,0.20707941055297852
P02,232,-0.11440930515527725,-0.18930800259113312,0.1177920550107956,-0.27171197533607483
P03,232,0.2455078810453415,-0.01551738940179348,0.3801376223564148,0.37190335988998413
P04,232,0.10779422521591187,0.37989452481269836,0.017071545124053955,-0.07358340919017792
P05,232,0.25093281269073486,0.21925640106201172,0.2259172946214676,0.3076247572898865
P06,232,0.11380491405725479,0.005323656369000673,0.20172743499279022,0.13436366617679596
P07,232,0.12047388404607773,-0.16747193038463593,0.10947607457637787,0.41941750049591064
P08,232,0.04643376171588898,-0.14074936509132385,0.009427360258996487,0.2706232964992523
P09,232,0.0957314595580101,-0.05859539285302162,0.21306923031806946,0.13272051513195038
P01,233,0.13512437045574188,0.019591929391026497,0.23703613877296448,0.14874501526355743
P02,233,0.2645617127418518,0.17787091434001923,0.2862817347049713,0.3295325040817261
P03,233,0.3309841454029083,0.29418036341667175,0.39510491490364075,0.30366718769073486
P04,233,0.12912003695964813,0.16585510969161987,-0.058324914425611496,0.2798299193382263
P05,233,-0.026634929701685905,-0.028357604518532753,0.07735152542591095,-0.1288987100124359
P06,233,0.04386809840798378,-0.10811502486467361,0.0038634936790913343,0.235855832695961
P07,233,-0.00943565834313631,-0.04522911459207535,-0.11977364122867584,0.13669578731060028
P08,233,0.028766131028532982,-0.004272789694368839,-0.01743355020880699,0.10800472646951675
P09,233,-0.060535263270139694,-0.20734909176826477,0.005092632956802845,0.02065066434442997
P01,234,0.05323748663067818,-0.06435444951057434,0.12565723061561584,0.09840968251228333
P02,234,0.013682705350220203,0.018120218068361282,0.14734888076782227,-0.12442097812891006
P03,234,-0.09006809443235397,-0.0330020897090435,-0.2103268802165985,-0.026875296607613564
P04,234,0.046611811965703964,0.004175627138465643,0.06953085958957672,0.06612894684076309
P05,234,0.053582917898893356,-0.09580305218696594,-0.06649032235145569,0.3230421245098114
P06,234,0.10974659770727158,-0.16961891949176788,0.24903099238872528,0.24982771277427673
P07,234,0.11100149154663086,-0.025763599202036858,0.2686445116996765,0.09012357145547867
P08,234,0.016028976067900658,-0.003805388929322362,0.28972193598747253,-0.23782961070537567
P09,234,0.09737319499254227,-0.17619282007217407,0.05811033397912979,0.4102020859718323
P01,235,0.06629471480846405,-0.1405399590730667,0.2031565010547638,0.13626760244369507
P02,235,0.1249205470085144,-0.09072432667016983,0.2416350245475769,0.22385093569755554
P03,235,-0.05398209020495415,-0.21067285537719727,0.03528693690896034,0.013439655303955078
P04,235,0.04533432424068451,-0.17206567525863647,-0.0037700652610510588,0.31183871626853943
P05,235,0.10106047242879868,0.26420727372169495,0.11007180064916611,-0.07109766453504562
P06,235,0.10662923008203506,0.1995505392551422,0.16442018747329712,-0.04408302158117294
P07,235,0.10081088542938232,-0.24148038029670715,0.16644543409347534,0.3774676024913788
P08,235,0.11136579513549805,0.10516516864299774,0.06869266927242279,0.1602395623922348
P09,235,-0.060507237911224365,-0.27169933915138245,0.007175755687057972,0.08300188183784485
P01,236,0.2029084414243698,0.31812506914138794,0.18243220448493958,0.10816798359155655
P02,236,-0.1675230711698532,-0.026001492515206337,-0.1215723529458046,-0.35499534010887146
P03,236,-0.003107187571004033,-0.045217059552669525,0.16616423428058624,-0.13026873767375946
P04,236,0.02649030089378357,0.2486540675163269,0.08323481678962708,-0.25241798162460327
P05,236,0.10260995477437973,0.3531140387058258,0.050218187272548676,-0.09550236165523529
P06,236,-0.01472511887550354,0.39335644245147705,-0.14434105157852173,-0.29319074749946594
P07,236,0.22059780359268188,0.3342474102973938,0.20686075091362,0.12068525701761246
P08,236,0.06906402856111526,0.3185575604438782,0.08505944907665253,-0.1964249312877655
P09,236,-0.03227968141436577,0.13877883553504944,-0.08240335434675217,-0.15321452915668488
P01,237,0.1875191330909729,0.40181148052215576,-0.1274777352809906,0.28822365403175354
P02,237,0.19666840136051178,0.3248444199562073,-0.13742659986019135,0.4025873839855194
P03,237,-0.020952977240085602,0.0372648760676384,-0.20531710982322693,0.10519329458475113
P04,237,0.21099890768527985,0.22534291446208954,0.15615558624267578,0.2514982223510742
P05,237,0.009589406661689281,0.14353053271770477,-0.2236509621143341,0.1088886484503746
P06,237,0.09284160286188126,0.37893715500831604,0.04495920240879059,-0.14537157118320465
P07,237,0.143728569149971,0.3844139277935028,-0.08150807023048401,0.12827984988689423
P08,237,0.1703442931175232,0.27487754821777344,0.09089063853025436,0.14526468515396118
P09,237,0.1566748470067978,0.001600627088919282,0.28469118475914,0.18373270332813263
P01,238,-0.1785377413034439,-0.2482874095439911,-0.2602510154247284,-0.02707483060657978
P02,238,-0.02174248732626438,0.2083892822265625,-0.14196623861789703,-0.13165050745010376
P03,238,-0.033378586173057556,0.1214529275894165,0.08919741213321686,-0.31078609824180603
P04,238,-0.05525919795036316,-0.1411345899105072,-0.09533100575208664,0.07068800181150436
P05,238,-0.025522297248244286,-0.035217683762311935,0.054680585861206055,-0.09602978825569153
P06,238,-0.02531137317419052,-0.031159885227680206,0.11004053056240082,-0.15481476485729218
P07,238,-0.03758111596107483,-0.03761133924126625,0.07511238753795624,-0.15024439990520477
P08,238,0.08754494786262512,0.09373500943183899,0.21647010743618011,-0.04757026210427284
P09,238,-0.06443723291158676,-0.011687608435750008,-0.18633972108364105,0.004715621471405029
P01,239,0.048716913908720016,0.40568211674690247,0.020231543108820915,-0.2797629237174988
P02,239,0.12961667776107788,0.2011965811252594,0.12972447276115417,0.057928990572690964
P03,239,0.036889780312776566,0.13125662505626678,0.23987694084644318,-0.26046422123908997
P04,239,0.22038626670837402,0.5264440178871155,0.18837572634220123,-0.05366095155477524
P05,239,0.2409014254808426,0.2640945017337799,0.18160828948020935,0.2770015299320221
P06,239,0.2649504840373993,0.2753947675228119,0.1923789083957672,0.32707780599594116
P07,239,0.2059675008058548,0.3629527986049652,0.1395052820444107,0.11544441431760788
P08,239,0.018289515748620033,0.399862676858902,0.07101959735155106,-0.4160137176513672
P09,239,0.0023615360260009766,0.15518076717853546,-0.23409274220466614,0.0859965831041336
P01,240,0.11667606234550476,0.21444299817085266,0.09508007019758224,0.04050510749220848
P02,240,0.11684084683656693,0.0282791368663311,0.11584607511758804,0.20639733970165253
P03,240,0.06168808415532112,-0.1729186624288559,0.2798975110054016,0.07808540761470795
P04,240,-0.017825419083237648,0.3022809624671936,-0.08515773713588715,-0.27059948444366455
P05,240,0.14019900560379028,0.21328511834144592,0.03680302947759628,0.17050886154174805
P06,240,0.09836182743310928,0.15816137194633484,0.36902469396591187,-0.23210054636001587
P07,240,-0.04958068206906319,0.07504092901945114,-0.1145770251750946,-0.1092059463262558
P08,240,0.09809067100286484,0.2842746078968048,0.05385677143931389,-0.043859370052814484
P09,240,0.01963897980749607,0.20439457893371582,0.09112446010112762,-0.23660211265087128
P01,241,-0.1774490624666214,-0.06360983848571777,-0.11286602169275284,-0.3558713495731354
P02,241,-0.04976446554064751,0.02221396192908287,-0.13436664640903473,-0.037140704691410065
P03,241,-0.043331000953912735,-0.05491700395941734,-0.08126036077737808,0.006184355355799198
P04,241,-0.07308909296989441,0.08244187384843826,0.13201047480106354,-0.4337196350097656
P05,241,0.05169829726219177,-0.02501029148697853,0.2649194002151489,-0.08481421321630478
P06,241,0.06490256637334824,0.26593801379203796,-0.12812693417072296,0.05689660459756851
P07,241,0.06723083555698395,-0.1087837964296341,0.1849772334098816,0.12549906969070435
P08,241,0.16297771036624908,0.1877240687608719,0.21169635653495789,0.08951272070407867
P09,241,-0.048698920756578445,0.17037531733512878,-0.223786398768425,-0.09268568456172943
P01,242,0.13543246686458588,0.12422731518745422,0.3121064603328705,-0.030036354437470436
P02,242,-0.03613985702395439,-0.08997737616300583,0.176666721701622,-0.19510892033576965
P03,242,0.17197930812835693,0.2931032180786133,0.10702616721391678,0.11580851674079895
P04,242,0.20031516253948212,0.3145212233066559,0.36718833446502686,-0.08076402544975281
P05,242,0.12840037047863007,0.1263986974954605,0.24735230207443237,0.011450155638158321
P06,242,-0.11675221472978592,-0.06117401272058487,-0.21995677053928375,-0.06912585347890854
P07,242,-0.13849122822284698,0.19755885004997253,-0.38341110944747925,-0.22962141036987305
P08,242,0.12639357149600983,0.011386404745280743,0.06314562261104584,0.30464866757392883
P09,242,0.12508492171764374,0.2266339212656021,-0.0886625126004219,0.2372833639383316
P01,243,0.029604727402329445,0.060074858367443085,0.17145268619060516,-0.14271335303783417
P02,243,-0.014591552317142487,-0.1440691202878952,0.11435960978269577,-0.014065146446228027
P03,243,0.027339711785316467,0.013318264856934547,0.13907794654369354,-0.07037708163261414
P04,243,0.26789048314094543,0.3458453118801117,0.27781397104263306,0.18001218140125275
P05,243,-0.036717358976602554,0.023706277832388878,0.08776148408651352,-0.2216198444366455
P06,243,-0.06482727080583572,0.04669080302119255,-0.14958661794662476,-0.09158601611852646
P07,243,-0.0034010286908596754,0.12469994276762009,-0.09824028611183167,-0.036662742495536804
P08,243,-0.021492311730980873,-0.013634455390274525,0.060203418135643005,-0.11104590445756912
P09,243,0.01822654902935028,0.1631009876728058,-0.3279237747192383,0.21950243413448334
P01,244,-0.08770308643579483,-0.12236859649419785,0.006589428521692753,-0.14733009040355682
P02,244,-0.1076381579041481,0.022438418120145798,-0.17215445637702942,-0.17319846153259277
P03,244,-0.19886906445026398,-0.1356947124004364,-0.18105311691761017,-0.27985939383506775
P04,244,-0.19190631806850433,-0.26943644881248474,-0.1640416979789734,-0.14224080741405487
P05,244,-0.13163526356220245,0.007957464084029198,-0.17726081609725952,-0.2256024330854416
P06,244,-0.1503080129623413,-0.14049766957759857,0.06537364423274994,-0.3758000135421753
P07,244,-0.013310275971889496,-0.03785098344087601,0.07896102964878082,-0.0810408741235733
P08,244,-0.06609471887350082,-0.19211813807487488,-0.06627260148525238,0.06010657548904419
P09,244,-0.1043776199221611,-0.3443784713745117,-0.1346396803855896,0.1658852994441986
P01,245,-0.03424197807908058,-0.19379155337810516,0.16384144127368927,-0.07277582585811615
P02,245,0.16460181772708893,0.09038176387548447,0.17692413926124573,0.22649957239627838
P03,245,-0.039932891726493835,-0.21543392539024353,0.07358802109956741,0.022047238424420357
P04,245,0.04753272607922554,-0.1455954611301422,0.1525656133890152,0.13562802970409393
P05,245,0.17700684070587158,0.22012226283550262,0.1373164802789688,0.17358174920082092
P06,245,0.02811620570719242,0.23589631915092468,-0.19710935652256012,0.04556165635585785
P07,245,0.22191889584064484,0.34267833828926086,0.03480639308691025,0.2882719337940216
P08,245,0.1487574279308319,0.3545723557472229,0.03634938225150108,0.05535055324435234
P09,245,0.038495078682899475,0.14078304171562195,0.1061800941824913,-0.13147790729999542
P01,246,-0.00492695951834321,0.13963916897773743,0.20117761194705963,-0.35559767484664917
P02,246,0.1854376196861267,-0.012183825485408306,0.3902284502983093,0.17826823890209198
P03,246,-0.07941160351037979,-0.0662473514676094,-0.14568188786506653,-0.026305580511689186
P04,246,0.1423870176076889,0.19211019575595856,0.39052870869636536,-0.1554778516292572
P05,246,-0.19301490485668182,-0.23218269646167755,-0.11860000342130661,-0.2282620072364807
P06,246,-0.02980411984026432,0.011975246481597424,0.0036339224316179752,-0.10502152889966965
P07,246,-0.05556419491767883,-0.005717633292078972,0.0827888771891594,-0.24376383423805237
P08,246,0.10167661309242249,0.09652724117040634,0.11410727351903915,0.09439532458782196
P09,246,0.028255267068743706,0.1331043541431427,0.009373200125992298,-0.057711757719516754
P01,247,0.11978086829185486,0.1109524592757225,-0.04821525514125824,0.2966054081916809
P02,247,0.030377885326743126,0.05560898780822754,-0.055609866976737976,0.09113453328609467
P03,247,-0.04591206833720207,0.020942671224474907,-0.10625697672367096,-0.05242190510034561
P04,247,0.14835797250270844,0.4039297103881836,-0.006031406112015247,0.047175608575344086
P05,247,0.13146674633026123,-0.003183784196153283,0.17415475845336914,0.22342927753925323
P06,247,0.20423030853271484,0.34845203161239624,0.06125105917453766,0.2029878795146942
P07,247,0.030346140265464783,0.0023210723884403706,0.0225449837744236,0.06617236137390137
P08,247,0.2004975825548172,0.13300852477550507,0.2654539942741394,0.20303024351596832
P09,247,0.21798259019851685,0.14984123408794403,0.48542892932891846,0.018677588552236557
P01,248,-0.014403064735233784,-0.23549363017082214,-0.1000589057803154,0.2923433482646942
P02,248,-0.07275649160146713,-0.17720018327236176,0.04534813016653061,-0.08641739934682846
P03,248,-0.012460614554584026,-0.1560087352991104,0.24634334444999695,-0.12771645188331604
P04,248,0.053465813398361206,-0.06976108998060226,-0.0958985760807991,0.326057106256485
P05,248,0.052874837070703506,-0.13097742199897766,0.3574221432209015,-0.06782020628452301
P06,248,0.014752723276615143,0.02478259615600109,-0.00020799637422896922,0.01968356780707836
P07,248,-0.031610503792762756,-0.08001715689897537,-0.13942725956439972,0.12461291253566742
P08,248,-0.027010058984160423,-0.05782316252589226,-0.07003811746835709,0.046831097453832626
P09,248,-0.0597185455262661,-0.23651742935180664,0.04272255674004555,0.014639242552220821
P01,249,-0.017033467069268227,0.06241931766271591,0.08650173991918564,-0.20002146065235138
P02,249,-0.009355221875011921,0.08549720793962479,-0.1992568075656891,0.08569393306970596
P03,249,0.07209350913763046,0.22941485047340393,0.06416670978069305,-0.0773010179400444
P04,249,0.10693006962537766,0.17922376096248627,-0.10220163315534592,0.24376808106899261
P05,249,0.0865611657500267,0.40515822172164917,-0.3044467270374298,0.15897201001644135
P06,249,-0.013196301646530628,0.03453927859663963,0.0484091192483902,-0.12253730744123459
P07,249,0.052977222949266434,-0.011539483442902565,-0.1100827232003212,0.2805538773536682
P08,249,0.0747707262635231,0.2307235449552536,-0.07301256060600281,0.06660119444131851
P09,249,0.14352183043956757,0.15482725203037262,-0.011802843771874905,0.28754106163978577
P01,250,0.051182154566049576,-0.1564207822084427,0.025122908875346184,0.2848443388938904
P02,250,0.015248303301632404,-0.10787923634052277,-0.02250758372247219,0.1761317253112793
P03,250,0.07306152582168579,0.09087015688419342,0.09713061153888702,0.031183810904622078
P04,250,0.0312421303242445,0.04667305946350098,0.06065615266561508,-0.01360282301902771
P05,250,0.007647383492439985,0.06134911626577377,-0.032044555991888046,-0.006362410262227058
P06,250,0.06239711865782738,0.07937895506620407,0.023014934733510017,0.0847974643111229
P07,250,-0.05325305834412575,-0.022932982072234154,-0.2166169136762619,0.07979071140289307
P08,250,-0.15880931913852692,-0.2493605613708496,-0.22912569344043732,0.0020583062432706356
P09,250,-0.08035925775766373,0.012978329323232174,-0.018504124134778976,-0.23555196821689606
P01,251,0.09109071642160416,-0.018302584066987038,0.1632920652627945,0.12828266620635986
P02,251,0.01590636372566223,0.20362360775470734,0.14904899895191193,-0.30495351552963257
P03,251,0.08146678656339645,-0.10661987215280533,0.35341498255729675,-0.002394771669059992
P04,251,0.14411142468452454,0.015453317202627659,0.44435083866119385,-0.027469884604215622
P05,251,-0.10207077860832214,-0.39246776700019836,0.17359447479248047,-0.08733905106782913
P06,251,0.050631988793611526,0.15152998268604279,-0.11703194677829742,0.11739792674779892
P07,251,0.12427409738302231,0.09420845657587051,0.1566036343574524,0.12201018631458282
P08,251,0.040930163115262985,0.11671581119298935,-0.05159259960055351,0.05766727402806282
P09,251,0.2807006239891052,0.18630163371562958,0.5014358758926392,0.15436434745788574
P01,252,-0.11344871670007706,-0.1509099006652832,-0.019801266491413116,-0.16963498294353485
P02,252,-0.10491660982370377,-0.25051015615463257,-0.006890569347888231,-0.057349130511283875
P03,252,0.04047194495797157,0.31526702642440796,-0.051201701164245605,-0.14264948666095734
P04,252,-0.13399745523929596,0.06629422307014465,-0.25023263692855835,-0.21805395185947418
P05,252,0.12730175256729126,0.11307088285684586,0.26897576451301575,-0.00014138221740722656
P06,252,-0.04657427594065666,-0.10494320839643478,0.05498595908284187,-0.08976557850837708
P07,252,0.19115452468395233,0.236898273229599,0.17986395955085754,0.15670131146907806
P08,252,-0.0007161001558415592,-0.09416496008634567,-0.16605252027511597,0.2580691874027252
P09,252,0.09085142612457275,0.07067882269620895,0.11654278635978699,0.08533264696598053
P01,253,0.028670741245150566,0.13169434666633606,-0.042993854731321335,-0.0026882649399340153
P02,253,-0.006526008248329163,-0.16071052849292755,0.011900321580469608,0.12923218309879303
P03,253,-0.13384714722633362,-0.27309349179267883,-0.07199300080537796,-0.05645494535565376
P04,253,-0.018557468429207802,0.005210097413510084,-0.3225649893283844,0.2616824805736542
P05,253,0.06569591909646988,0.23784139752388,0.01513706799596548,-0.05589071661233902
P06,253,0.06801030784845352,0.2914104759693146,-0.06707202643156052,-0.020307520404458046
P07,253,0.04317085072398186,0.06894899904727936,0.19157914817333221,-0.1310155987739563
P08,253,0.08886867016553879,0.19054266810417175,0.08752549439668655,-0.011462139897048473
P09,253,-0.05327058956027031,-0.13498441874980927,0.1270407736301422,-0.15186811983585358
P01,254,0.15450607240200043,-0.0931292399764061,0.2242080718278885,0.3324393630027771
P02,254,0.14004899561405182,0.28105035424232483,-0.08468808233737946,0.2237847000360489
P03,254,0.06761779636144638,0.10796371847391129,-0.04471397027373314,0.1396036297082901
P04,254,0.05655531957745552,0.07430239766836166,0.0350862592458725,0.0602773018181324
P05,254,0.09536648541688919,0.4306108355522156,0.04625001922249794,-0.19076138734817505
P06,254,0.1587246060371399,0.29630592465400696,-0.0361550971865654,0.2160230129957199
P07,254,0.02953515201807022,-0.11368845403194427,0.02947895973920822,0.17281495034694672
P08,254,0.20789283514022827,0.1671845018863678,0.1865740567445755,0.2699199318885803
P09,254,-0.07605418562889099,0.2468061000108719,0.061817191541194916,-0.5367858409881592
P01,255,0.014367867261171341,-0.020477265119552612,-0.03547453507781029,0.09905540198087692
P02,255,0.11970753222703934,0.1318666636943817,0.2835850417613983,-0.05632910504937172
P03,255,0.0832582637667656,0.1852531135082245,0.01618313416838646,0.04833854362368584
P04,255,0.2011396437883377,0.2714473009109497,0.4467334747314453,-0.1147618517279625
P05,255,0.14184769988059998,0.1396641880273819,0.23220838606357574,0.053670529276132584
P06,255,0.04408113658428192,0.11111237108707428,-0.08917953819036484,0.11031057685613632
P07,255,0.08524876087903976,0.10603349655866623,0.05095010995864868,0.09876265376806259
P08,255,0.1897839903831482,0.2421174943447113,0.10544610023498535,0.22178837656974792
P09,255,0.006300619337707758,0.03304081782698631,-0.020576726645231247,0.006437766365706921
P01,256,0.1679086536169052,0.2663002908229828,0.2862932085990906,-0.04886751249432564
P02,256,0.1348646879196167,0.024780400097370148,-0.15583975613117218,0.5356534123420715
P03,256,0.08494669198989868,0.029470687732100487,-0.03406665846705437,0.2594360411167145
P04,256,-0.08461415022611618,0.03850085660815239,0.06943704187870026,-0.3617803454399109
P05,256,0.21479260921478271,0.2038326859474182,0.11621949076652527,0.32432568073272705
P06,256,0.15809136629104614,0.2996830642223358,0.01973574049770832,0.15485529601573944
P07,256,0.24468374252319336,0.4280621409416199,0.07114691287279129,0.2348422110080719
P08,256,0.04660733416676521,0.24736987054347992,-0.09561309963464737,-0.011934753507375717
P09,256,0.0497954785823822,0.04663560166954994,-0.12076546251773834,0.2235163003206253
P01,257,0.10358492285013199,0.19674912095069885,-0.009060120210051537,0.12306578457355499
P02,257,0.1108260452747345,0.1675802320241928,0.032319799065589905,0.13257810473442078
P03,257,0.05888668820261955,-0.00462735490873456,0.003523326013237238,0.17776408791542053
P04,257,0.20967631042003632,0.24844950437545776,0.11806648224592209,0.2625129520893097
P05,257,0.08004886656999588,-0.16314983367919922,0.06307504326105118,0.3402214050292969
P06,257,-0.07994355261325836,0.0334511436522007,-0.10452666133642197,-0.16875514388084412
P07,257,0.0197414830327034,-0.04488423094153404,0.1488327980041504,-0.04472411423921585
P08,257,-0.029003595933318138,0.10047245025634766,-0.04740134999155998,-0.14008188247680664
P09,257,-0.013266399502754211,-0.07224440574645996,-0.14014297723770142,0.17258818447589874
P01,258,0.1134672462940216,0.09176615625619888,0.22223469614982605,0.026400888338685036
P02,258,-0.09526386857032776,0.0570298507809639,-0.15500497817993164,-0.18781648576259613
P03,258,0.0299431961029768,-0.10998395085334778,0.08033197373151779,0.11948156356811523
P04,258,-0.1015167310833931,-0.16841624677181244,0.09315506368875504,-0.22928902506828308
P05,258,-0.05995368957519531,-0.02954496257007122,0.09542488306760788,-0.24574097990989685
P06,258,-0.18579506874084473,0.009711828082799911,-0.11445774883031845,-0.45263925194740295
P07,258,0.015176872722804546,0.02192232571542263,-0.010408326052129269,0.03401661664247513
P08,258,0.0228609349578619,-0.05654890462756157,-0.005896321963518858,0.13102802634239197
P09,258,-0.014240115880966187,0.1219877228140831,0.05065839737653732,-0.21536646783351898
P01,259,0.15748563408851624,0.24039633572101593,0.11445333808660507,0.1176072284579277
P02,259,0.02837364375591278,-0.05239923670887947,0.18253320455551147,-0.04501303657889366
P03,259,0.08438262343406677,0.07853615283966064,0.18212254345417023,-0.007510820869356394
P04,259,0.1328224390745163,0.0915721207857132,0.2278819978237152,0.07901319116353989
P05,259,0.07071878761053085,0.15425710380077362,0.054976899176836014,0.002922352170571685
P06,259,0.17951999604701996,0.08424465358257294,0.28588899970054626,0.16842634975910187
P07,259,0.12883146107196808,0.00677301874384284,0.16713950037956238,0.21258185803890228
P08,259,0.049813125282526016,0.1619890332221985,-0.20466944575309753,0.1921197921037674
P09,259,0.19979429244995117,-0.035407017916440964,0.3396615982055664,0.2951282560825348
P01,260,0.03121158480644226,0.0028588175773620605,0.04964113235473633,0.04113480821251869
P02,260,-0.14854596555233002,0.06067294999957085,-0.34090086817741394,-0.16540998220443726
P03,260,-0.002643222687765956,-0.20667721331119537,0.3635929524898529,-0.16484540700912476
P04,260,0.12019536644220352,-0.15026429295539856,0.36318448185920715,0.14766593277454376
P05,260,0.29555678367614746,0.09214138239622116,0.4933067262172699,0.3012222349643707
P06,260,0.17898251116275787,0.19825635850429535,0.15523333847522736,0.1834578663110733
P07,260,0.10147660970687866,-0.06122267246246338,0.5032679438591003,-0.13761542737483978
P08,260,-0.01348926592618227,-0.11434511095285416,-0.060390643775463104,0.13426795601844788
P09,260,-0.1508561372756958,0.027634339407086372,-0.40834903717041016,-0.07185371220111847
P01,261,-0.10695904493331909,-0.20516140758991241,-0.0345047302544117,-0.08121101558208466
P02,261,-0.12200958281755447,-0.09965094923973083,0.21759358048439026,-0.48397138714790344
P03,261,0.049486126750707626,0.2908962070941925,-0.19164110720157623,0.04920327290892601
P04,261,0.09452816843986511,0.18237897753715515,0.1540953367948532,-0.052889782935380936
P05,261,0.1918569803237915,0.2337842583656311,0.13613994419574738,0.20564673840999603
P06,261,0.07018312066793442,0.14764970541000366,-0.15766149759292603,0.2205611616373062
P07,261,0.17999649047851562,0.19899813830852509,0.1798659712076187,0.16112537682056427
P08,261,0.038003455847501755,-0.012953734025359154,0.07856062054634094,0.048403479158878326
P09,261,0.04965249076485634,0.025082571431994438,0.0445866622030735,0.07928824424743652
P01,262,0.012452059425413609,0.07027370482683182,-0.04423336312174797,0.011315838433802128
P02,262,0.15460549294948578,-0.024610746651887894,0.3294719159603119,0.15895532071590424
P03,262,0.05081815645098686,0.1147899180650711,0.12974359095096588,-0.0920790359377861
P04,262,0.13658811151981354,0.06633754819631577,0.06223364919424057,0.2811931371688843
P05,262,0.1984255313873291,0.3312143385410309,0.1742052137851715,0.08985703438520432
P06,262,0.15224772691726685,0.2790275514125824,-0.015872705727815628,0.19358836114406586
P07,262,0.10842835903167725,0.33883148431777954,-0.03609176352620125,0.022545376792550087
P08,262,0.02691296674311161,-0.09011950343847275,0.16200001537799835,0.00885839108377695
P09,262,0.04834712669253349,0.27245867252349854,0.08732172101736069,-0.21473902463912964
P01,263,-0.01950628124177456,-0.013154369778931141,-0.022955114021897316,-0.022409358993172646
P02,263,0.15014484524726868,0.1703210026025772,0.04581647366285324,0.23429706692695618
P03,263,-0.19480973482131958,-0.06648226827383041,-0.2718126177787781,-0.24613431096076965
P04,263,-0.11576775461435318,-0.12097719311714172,-0.08880297094583511,-0.1375231146812439
P05,263,-0.05052411928772926,-0.01239144429564476,-0.19992446899414062,0.060743559151887894
P06,263,-0.001615270972251892,0.16730062663555145,0.004872426390647888,-0.17701886594295502
P07,263,0.07781197130680084,0.06078529730439186,-0.08461497724056244,0.2572655975818634
P08,263,-0.10362540930509567,-0.1525145024061203,-0.199983149766922,0.041621413081884384
P09,263,-0.05404162406921387,-0.09050215035676956,-0.23857054114341736,0.16694781184196472
P01,264,0.016526559367775917,-0.017312221229076385,-0.11195073276758194,0.17884263396263123
P02,264,-0.16881287097930908,-0.028569333255290985,-0.057186324149370193,-0.42068296670913696
P03,264,0.05146469548344612,0.06763635575771332,0.12582889199256897,-0.03907115012407303
P04,264,0.015508562326431274,-0.13568249344825745,0.18149574100971222,0.0007124384283088148
P05,264,-0.03941136598587036,-0.23179718852043152,-0.014170248061418533,0.12773333489894867
P06,264,0.0114491181448102,-0.10535265505313873,0.014317798428237438,0.1253822147846222
P07,264,-0.07117606699466705,-0.1809760481119156,-0.09013195335865021,0.057579800486564636
P08,264,-0.07843504101037979,-0.11980616301298141,-0.14675861597061157,0.03125966340303421
P09,264,0.04426008462905884,0.03431343287229538,-0.23773358762264252,0.33620041608810425
P01,265,-0.04947950318455696,0.08545920997858047,-0.04089992120862007,-0.1929977983236313
P02,265,-0.18422585725784302,-0.19565024971961975,-0.02488367073237896,-0.3321436643600464
P03,265,-0.0537119060754776,-0.1659972369670868,-0.14331834018230438,0.14817984402179718
P04,265,0.025472121313214302,0.2079135924577713,-0.15147489309310913,0.019977664574980736
P05,265,0.1757056564092636,0.12195099145174026,0.17167775332927704,0.23348818719387054
P06,265,0.14565858244895935,0.22407148778438568,0.11623134464025497,0.0966729149222374
P07,265,0.04548776149749756,0.13913100957870483,-0.05587643012404442,0.05320870503783226
P08,265,-0.06658241897821426,-0.017668796703219414,-0.030893631279468536,-0.1511848419904709
P09,265,0.0506572388112545,0.1591556817293167,-0.007929154671728611,0.0007451862329617143
P01,266,-0.06577996909618378,-0.025800157338380814,0.006974319461733103,-0.17851406335830688
P02,266,0.13983574509620667,0.11370674520730972,0.1309385448694229,0.17486193776130676
P03,266,-0.017445020377635956,-0.12415473163127899,0.18413695693016052,-0.1123172864317894
P04,266,-0.03985743969678879,-0.20574457943439484,0.07352705299854279,0.012645204551517963
P05,266,-0.08717596530914307,-0.14782127737998962,-0.3514951765537262,0.23778857290744781
P06,266,0.08505339175462723,0.015682248398661613,0.12023191154003143,0.11924602091312408
P07,266,-0.0023186206817626953,-0.10732618719339371,-0.2038029283285141,0.3041732609272003
P08,266,0.06515487283468246,-0.008504101075232029,0.09109365195035934,0.1128750666975975
P09,266,-0.0023413263261318207,0.009012321941554546,0.04398913308978081,-0.06002543494105339
P01,267,0.2832992970943451,0.1457410752773285,0.415781706571579,0.28837504982948303
P02,267,-0.033769264817237854,0.09118303656578064,-0.4049959182739258,0.21250508725643158
P03,267,0.09810760617256165,-0.10901696979999542,0.14571066200733185,0.2576291263103485
P04,267,-0.05712343379855156,-0.046815644949674606,-0.08585289120674133,-0.03870175778865814
P05,267,0.36951303482055664,0.23893235623836517,0.3912595510482788,0.4783472418785095
P06,267,0.06097640097141266,-0.026372099295258522,-0.015578246675431728,0.22487954795360565
P07,267,0.352412611246109,0.17275075614452362,0.4416879713535309,0.4427992105484009
P08,267,0.04892997443675995,0.05356437712907791,0.14076928794384003,-0.04754374921321869
P09,267,0.11206331849098206,0.07631044089794159,0.16937255859375,0.09050696343183517
P01,268,0.149736225605011,-0.1313524842262268,0.18112318217754364,0.39943796396255493
P02,268,0.003552953712642193,-0.08778660744428635,0.08621649444103241,0.012228974141180515
P03,268,-0.03809836506843567,-0.25178757309913635,0.12207949906587601,0.015412983484566212
P04,268,0.00791216641664505,0.08965812623500824,0.0010522688971832395,-0.06697389483451843
P05,268,0.032964590936899185,0.10357842594385147,0.13857313990592957,-0.14325778186321259
P06,268,0.22809648513793945,0.16582776606082916,0.3949248492717743,0.12353679537773132
P07,268,-0.031062686815857887,-0.07735041528940201,0.021437382325530052,-0.037275027483701706
P08,268,-0.05041317269206047,-0.10712191462516785,0.02121630869805813,-0.06533391773700714
P09,268,0.07567965239286423,-0.03688101842999458,0.08324086666107178,0.1806790977716446
P01,269,0.11130404472351074,0.39771568775177,0.1970321089029312,-0.2608356475830078
P02,269,0.09344162791967392,0.034647319465875626,0.09516455233097076,0.15051299333572388
P03,269,0.02728181518614292,0.2115498036146164,0.09342936426401138,-0.22313372790813446
P04,269,-0.010525207035243511,-0.23562508821487427,0.10703768581151962,0.09701177477836609
P05,269,0.030955875292420387,-0.24791482090950012,0.3964497148990631,-0.055667269974946976
P06,269,-0.07040587067604065,0.00941776018589735,-0.15221233665943146,-0.06842303276062012
P07,269,-0.12351582199335098,-0.16412098705768585,0.11967972666025162,-0.3261062204837799
P08,269,-0.15809696912765503,-0.0004499057831708342,-0.1936398595571518,-0.28020113706588745
P09,269,0.02779308892786503,0.042984023690223694,0.1894865483045578,-0.14909130334854126
P01,270,-0.008615698665380478,0.06471367925405502,-0.07661227881908417,-0.01394849643111229
P02,270,0.052355702966451645,-0.09389815479516983,0.2116771638393402,0.039288099855184555
P03,270,0.18335044384002686,0.12440253794193268,0.34803637862205505,0.07761240750551224
P04,270,0.13951803743839264,0.12005575746297836,0.13551609218120575,0.1629822999238968
P05,270,0.023767642676830292,-0.05661039799451828,0.08627240359783173,0.04164092242717743
P06,270,0.1463291496038437,0.1261555403470993,0.0012054761173203588,0.3116264343261719
P07,270,0.09036187082529068,-0.10463299602270126,0.004873587749898434,0.3708450198173523
P08,270,0.21698184311389923,-0.07514932751655579,0.36840882897377014,0.35768604278564453
P09,270,0.12081754952669144,0.040878213942050934,-0.004512628074735403,0.3260870575904846
P01,271,0.04796777293086052,0.010127314366400242,0.08014433830976486,0.05363165959715843
P02,271,0.22725534439086914,0.09720488637685776,0.42300793528556824,0.16155320405960083
P03,271,-0.03655185177922249,0.08427201956510544,0.10032329708337784,-0.29425087571144104
P04,271,0.10540478676557541,0.07616942375898361,0.19344386458396912,0.04660104587674141
P05,271,0.03116570971906185,-0.020740389823913574,0.459911972284317,-0.34567445516586304
P06,271,0.15666626393795013,0.1439700722694397,0.1344728320837021,0.19155587255954742
P07,271,0.18763835728168488,0.19937439262866974,0.05277399346232414,0.31076669692993164
P08,271,0.10021928697824478,0.21274656057357788,0.17403723299503326,-0.0861259177327156
P09,271,0.1951027512550354,0.13808853924274445,0.025510018691420555,0.42170968651771545
P01,272,-0.07684051245450974,-0.4501382112503052,0.09191514551639557,0.1277015507221222
P02,272,-0.10873899608850479,0.000595863675698638,-0.07083327323198318,-0.2559795677661896
P03,272,-0.0649956539273262,-0.08238765597343445,-0.2121269851922989,0.09952769428491592
P04,272,-0.09150028228759766,-0.048806700855493546,-0.19182011485099792,-0.0338740311563015
P05,272,0.022795258089900017,0.01829141564667225,-0.08075206726789474,0.13084642589092255
P06,272,0.09173145145177841,-0.04382835328578949,-0.04398464784026146,0.3630073666572571
P07,272,-0.09070118516683578,-0.23085609078407288,0.021253934130072594,-0.06250139325857162
P08,272,0.05307595059275627,0.0853796973824501,-0.15778668224811554,0.23163482546806335
P09,272,-0.06594253331422806,-0.07666531950235367,-0.15725725889205933,0.03609495982527733
P01,273,0.049911800771951675,0.0877644270658493,-0.056105099618434906,0.11807607859373093
P02,273,0.09226265549659729,0.21176446974277496,-0.025865189731121063,0.09088867157697678
P03,273,0.041635382920503616,-0.05884915217757225,0.05201655253767967,0.13173875212669373
P04,273,-0.055705029517412186,0.10199644416570663,-0.13098561763763428,-0.13812591135501862
P05,273,0.11070103198289871,0.06216413155198097,0.03900593891739845,0.2309330254793167
P06,273,-0.027876347303390503,0.23789705336093903,-0.06497068703174591,-0.2565554082393646
P07,273,-0.07166758924722672,-0.09961731731891632,-0.21262815594673157,0.09724270552396774
P08,273,0.04513944685459137,0.13423822820186615,0.18350951373577118,-0.18232940137386322
P09,273,-0.011424164287745953,-0.007520786952227354,0.1058097556233406,-0.13256146013736725
P01,274,0.10219627618789673,0.0179935023188591,0.43288084864616394,-0.14428551495075226
P02,274,0.21213316917419434,0.17405618727207184,0.27359941601753235,0.18874390423297882
P03,274,-0.06778489053249359,-0.010323225520551205,-0.06280677020549774,-0.13022467494010925
P04,274,0.09505873918533325,0.2257595956325531,-0.05294254049658775,0.1123591735959053
P05,274,0.03801254555583,-0.20134370028972626,0.26882800459861755,0.04655332490801811
P06,274,0.05363589897751808,0.047587718814611435,0.08689992874860764,0.026420053094625473
P07,274,-0.08826666325330734,0.021485285833477974,-0.3626936674118042,0.07640838623046875
P08,274,0.08833253383636475,0.10521670430898666,0.04902556911110878,0.11075533926486969
P09,274,0.15551447868347168,0.06975135952234268,0.20369048416614532,0.19310159981250763
P01,275,0.14771264791488647,0.23727425932884216,0.22999140620231628,-0.024127718061208725
P02,275,-0.05699783191084862,-0.16645026206970215,0.039628252387046814,-0.04417148604989052
P03,275,0.059422921389341354,0.24180886149406433,-0.03509980067610741,-0.02844030223786831
P04,275,-0.009282720275223255,0.1356833428144455,-0.07480273395776749,-0.08872877061367035
P05,275,0.029616577550768852,-0.028311364352703094,0.14578142762184143,-0.028620334342122078
P06,275,0.08476290106773376,0.1488945335149765,0.05265127494931221,0.052742891013622284
P07,275,-0.07906191051006317,-0.16982145607471466,-0.02362804487347603,-0.043736230581998825
P08,275,0.14140914380550385,-0.09725180268287659,0.21164506673812866,0.30983415246009827
P09,275,0.08690040558576584,0.03554505482316017,0.24392114579677582,-0.018765004351735115
P01,276,0.10927591472864151,0.1672925502061844,-0.027441982179880142,0.1879771649837494
P02,276,0.06583725661039352,-0.03616649657487869,0.0680137351155281,0.16566452383995056
P03,276,-0.13514482975006104,-0.0853639617562294,-0.12488796561956406,-0.19518254697322845
P04,276,-0.010813797824084759,-0.017920006066560745,0.2324417680501938,-0.24696315824985504
P05,276,0.15752899646759033,0.2411099076271057,-0.05336802080273628,0.2848450839519501
P06,276,-0.06821805238723755,-0.09173844009637833,-0.08916773647069931,-0.02374797686934471
P07,276,-0.06576240807771683,-0.09679748117923737,-0.09484129399061203,-0.005648454185575247
P08,276,-0.12205640226602554,-0.14106957614421844,-0.1380564421415329,-0.08704318851232529
P09,276,-0.06126907840371132,0.08904805034399033,-0.07193579524755478,-0.2009194940328598
P01,277,0.23016028106212616,0.2969130873680115,0.13115885853767395,0.26240891218185425
P02,277,0.25463101267814636,0.2127191573381424,0.10207295417785645,0.44910091161727905
P03,277,0.1918579339981079,-0.00594931049272418,0.1869797706604004,0.3945433497428894
P04,277,0.2986171245574951,0.3379254937171936,0.17946375906467438,0.3784621059894562
P05,277,0.17016880214214325,0.05918510630726814,0.13809244334697723,0.31322887539863586
P06,277,0.010436897166073322,0.1883019506931305,-0.3130902051925659,0.15609894692897797
P07,277,0.1415189504623413,0.050631891936063766,0.2134247124195099,0.16050024330615997
P08,277,0.08637837320566177,0.15830323100090027,0.012097048573195934,0.08873486518859863
P09,277,0.046760182827711105,0.13119225203990936,0.08132307231426239,-0.07223478704690933
P01,278,0.10236235707998276,0.04130513221025467,0.07806423306465149,0.18771770596504211
P02,278,0.049847591668367386,0.08134495466947556,-0.023180365562438965,0.09137818217277527
P03,278,-0.08042571693658829,0.057706769555807114,-0.25655806064605713,-0.04242585226893425
P04,278,-0.03108355402946472,-0.09396373480558395,-0.015895826742053032,0.01660890504717827
P05,278,-0.0571240596473217,-0.19565750658512115,0.009395577944815159,0.014889741316437721
P06,278,-0.10564619302749634,0.04555926471948624,-0.08198561519384384,-0.2805122137069702
P07,278,0.06877823919057846,0.12604747712612152,0.05516106262803078,0.02512616664171219
P08,278,-0.1349869668483734,0.017072411254048347,-0.024692993611097336,-0.397340327501297
P09,278,-0.08789906650781631,0.050049327313899994,0.02006101980805397,-0.3338075578212738
P01,279,0.06947117298841476,0.04670874401926994,0.21562840044498444,-0.05392361804842949
P02,279,-0.08652365207672119,-0.26840072870254517,0.05222514644265175,-0.04339535906910896
P03,279,-0.041132885962724686,-0.17004044353961945,0.01967736892402172,0.026964418590068817
P04,279,-0.0342656709253788,-0.24120280146598816,0.1548205018043518,-0.016414718702435493
P05,279,0.05803102254867554,0.02943476103246212,0.22381050884723663,-0.07915220409631729
P06,279,0.018036149442195892,0.06362929195165634,-0.01967190019786358,0.010151060298085213
P07,279,-0.1398872584104538,-0.23807494342327118,-0.054900333285331726,-0.1266864687204361
P08,279,-0.13667820394039154,-0.23792819678783417,-0.19141511619091034,0.019308706745505333
P09,279,-0.07080203294754028,-0.19462305307388306,0.07252516597509384,-0.09030820429325104
P01,280,0.00035585835576057434,0.014630138874053955,0.02010258100926876,-0.03366514667868614
P02,280,0.17539840936660767,0.1998664289712906,0.1575147807598114,0.16881398856639862
P03,280,-0.1588881015777588,-0.12805792689323425,-0.13597390055656433,-0.21263247728347778
P04,280,0.11242973804473877,0.037767164409160614,0.21241547167301178,0.08710657805204391
P05,280,0.017933383584022522,-0.02972155436873436,0.1401008814573288,-0.05657917261123657
P06,280,0.08462780714035034,0.1489410102367401,-0.12110231816768646,0.22604472935199738
P07,280,0.1312907636165619,0.0826500654220581,0.17554014921188354,0.13568207621574402
P08,280,0.23015080392360687,0.2899470329284668,0.26024922728538513,0.1402561217546463
P09,280,0.003721813438460231,-0.0939224436879158,0.23103632032871246,-0.12594842910766602
P01,281,0.2103506177663803,0.17257529497146606,0.061951592564582825,0.39652496576309204
P02,281,0.10462715476751328,0.059304315596818924,0.12185533344745636,0.13272181153297424
P03,281,0.037617508322000504,-0.34507542848587036,0.18714208900928497,0.2707858681678772
P04,281,0.09175565093755722,0.1616763472557068,-0.07444249093532562,0.1880330890417099
P05,281,-0.13509291410446167,-0.2898918688297272,-0.03789777681231499,-0.07748910039663315
P06,281,0.07194624096155167,0.003393894527107477,0.12877951562404633,0.08366532623767853
P07,281,0.17692743241786957,0.27985626459121704,-0.04656962677836418,0.29749566316604614
P08,281,0.014073695987462997,-0.07695545256137848,0.05659359320998192,0.06258294731378555
P09,281,0.004265765193849802,0.08464377373456955,-0.3768968880176544,0.30505040287971497
P01,282,0.19837184250354767,-0.03849721699953079,0.2203504592180252,0.4132623076438904
P02,282,0.18287290632724762,0.2526499330997467,0.023228872567415237,0.2727399170398712
P03,282,0.195169135928154,0.2963680624961853,0.07747229933738708,0.2116670310497284
P04,282,0.13550052046775818,-0.02715364843606949,0.32090580463409424,0.11274940520524979
P05,282,0.18475639820098877,0.004095745272934437,0.3150676488876343,0.23510584235191345
P06,282,-0.027400949969887733,0.1039084941148758,0.10905420035123825,-0.2951655387878418
P07,282,0.13678902387619019,0.08923947066068649,0.1136087030172348,0.20751892030239105
P08,282,0.06518471240997314,-0.02059818059206009,0.26099592447280884,-0.044843610376119614
P09,282,0.1227557584643364,0.07259238511323929,0.09097408503293991,0.2047007977962494
P01,283,0.22663672268390656,0.13609568774700165,0.14883922040462494,0.3949752748012543
P02,283,0.05508459731936455,0.0738585963845253,0.12421024590730667,-0.032815057784318924
P03,283,0.013010889291763306,-0.2095087319612503,-0.1573421210050583,0.4058835208415985
P04,283,0.3405376374721527,0.2884819209575653,0.35174134373664856,0.3813895583152771
P05,283,0.04985897243022919,0.09095931053161621,0.16612336039543152,-0.10750575363636017
P06,283,0.04091426357626915,0.07820160686969757,-0.2233162522315979,0.2678574323654175
P07,283,0.3033709228038788,0.4506886899471283,0.07943060994148254,0.3799934983253479
P08,283,0.14390407502651215,0.33480504155158997,0.1842397302389145,-0.08733251690864563
P09,283,0.135683074593544,0.0029255985282361507,0.05292863771319389,0.35119500756263733
P01,284,-0.04219498112797737,-0.147403746843338,0.201515331864357,-0.1806965321302414
P02,284,-0.004165761638432741,0.03470701351761818,-0.05580294877290726,0.008598649874329567
P03,284,-0.004124373197555542,-0.23473326861858368,0.3139837086200714,-0.09162355959415436
P04,284,0.16206993162631989,0.0923251286149025,0.4109005033969879,-0.017015838995575905
P05,284,0.0709058940410614,0.11221683770418167,0.21894311904907227,-0.11844225972890854
P06,284,0.15564914047718048,0.1562568098306656,0.4520273208618164,-0.14133667945861816
P07,284,0.02945932000875473,0.031034957617521286,0.16478140652179718,-0.10743840783834457
P08,284,0.01270681619644165,0.008238804526627064,0.0669778436422348,-0.03709620237350464
P09,284,0.00035400688648223877,0.08409447222948074,-0.013698860071599483,-0.06933359056711197
P01,285,0.029707208275794983,0.1558186560869217,-0.3688824772834778,0.30218544602394104
P02,285,0.1219155564904213,0.25493595004081726,0.047133754938840866,0.06367699056863785
P03,285,0.037893056869506836,0.04589371010661125,0.053532231599092484,0.014253230765461922
P04,285,0.1208811029791832,0.14918012917041779,0.12888555228710175,0.08457760512828827
P05,285,0.029785899445414543,-0.011748344637453556,0.18136879801750183,-0.08026275783777237
P06,285,-0.048160407692193985,0.3219691514968872,-0.25731179118156433,-0.20913858711719513
P07,285,0.12372580915689468,0.42587488889694214,-0.12370649725198746,0.06900902092456818
P08,285,0.20325589179992676,0.07495377957820892,0.2516908049583435,0.28312307596206665
P09,285,0.11597632616758347,0.38975557684898376,-0.09701727330684662,0.05519064888358116
P01,286,-0.09318872541189194,-0.31285592913627625,-0.05781594291329384,0.09110569953918457
P02,286,0.0693998709321022,-0.037667416036129,0.22345122694969177,0.022415805608034134
P03,286,-0.015826484188437462,-0.011466669850051403,0.2727222740650177,-0.30873504281044006
P04,286,-0.2081439048051834,-0.29935628175735474,-0.3849261403083801,0.05985070765018463
P05,286,0.058744847774505615,-0.03562406077980995,0.14398908615112305,0.06786952167749405
P06,286,0.04388399422168732,-0.11823104321956635,0.17360171675682068,0.07628130912780762
P07,286,-0.02478359080851078,-0.025339964777231216,0.10137905925512314,-0.1503898650407791
P08,286,0.020053328946232796,-0.08252612501382828,0.22898916900157928,-0.08630304783582687
P09,286,-0.02901441603899002,-0.18801476061344147,0.19627943634986877,-0.09530792385339737
P01,287,0.1103692576289177,-0.10232313722372055,0.20423032343387604,0.2292005717754364
P02,287,0.12434341758489609,0.2356899231672287,-0.09325793385505676,0.23059824109077454
P03,287,0.18226087093353271,0.19510520994663239,0.18472787737846375,0.16694951057434082
P04,287,0.14457187056541443,0.255072683095932,-0.012776589021086693,0.19141951203346252
P05,287,0.08415662497282028,-0.06555167585611343,-0.05127139762043953,0.3692929446697235
P06,287,0.10138871520757675,0.07535839080810547,0.017109323292970657,0.21169842779636383
P07,287,0.06327623128890991,0.25974562764167786,-0.026675423607230186,-0.04324151203036308
P08,287,0.2226865291595459,0.31422799825668335,0.09667614102363586,0.2571554183959961
P09,287,0.06571189314126968,0.09529128670692444,0.1771070808172226,-0.0752626582980156
P01,288,0.06754749268293381,0.21753428876399994,0.09374373406171799,-0.1086355522274971
P02,288,0.1795291155576706,0.35908520221710205,0.07339656352996826,0.10610559582710266
P03,288,-0.04597313702106476,0.47338002920150757,-0.2317887395620346,-0.37951070070266724
P04,288,-0.10838643461465836,-0.09277526289224625,-0.13957935571670532,-0.09280471503734589
P05,288,-0.07689043134450912,-0.03901476040482521,-0.13504907488822937,-0.05660746619105339
P06,288,0.15030142664909363,0.35609498620033264,0.10775255411863327,-0.012943259440362453
P07,288,-0.08211354166269302,0.1546173244714737,-0.08281508833169937,-0.3181428611278534
P08,288,0.07127650827169418,0.28171494603157043,-0.02847341261804104,-0.039412010461091995
P09,288,-0.16308951377868652,0.012497552670538425,-0.1279214769601822,-0.37384462356567383
P01,289,0.03700920566916466,0.07561885565519333,-0.09523651003837585,0.1306452751159668
P02,289,0.1382933408021927,-0.1638648957014084,0.204854354262352,0.37389054894447327
P03,289,-0.09303946048021317,-0.0730106458067894,-0.1972149908542633,-0.008892755024135113
P04,289,-0.007010143715888262,-0.1315147429704666,0.08479781448841095,0.02568649686872959
P05,289,-0.11080187559127808,0.21922169625759125,-0.1591520607471466,-0.3924752473831177
P06,289,0.0499378927052021,0.17681346833705902,-0.09728403389453888,0.07028424739837646
P07,289,0.01862320862710476,0.14131127297878265,-0.06395573168992996,-0.021485917270183563
P08,289,0.05143856629729271,0.13175223767757416,0.16767515242099762,-0.14511169493198395
P09,289,0.0701359286904335,-0.004858741071075201,0.02623201534152031,0.18903452157974243
P01,290,0.08042878657579422,-0.13297401368618011,0.2954927980899811,0.07876759022474289
P02,290,-0.13036125898361206,-0.02845388650894165,-0.07676009088754654,-0.2858698070049286
P03,290,-0.05782850459218025,-0.4672955274581909,0.3177665174007416,-0.023956507444381714
P04,290,0.06072911620140076,0.2142297327518463,0.2221173793077469,-0.2541597783565521
P05,290,0.04232721030712128,0.1067863330245018,0.2244972288608551,-0.20430193841457367
P06,290,0.0915510281920433,0.1561894714832306,0.008950110524892807,0.10951349139213562
P07,290,-0.010233699344098568,0.10966816544532776,-0.18917860090732574,0.04880933836102486
P08,290,0.06640375405550003,0.12884069979190826,0.23911699652671814,-0.1687464565038681
P09,290,0.07128024101257324,0.27141520380973816,0.15832354128360748,-0.2158980369567871
P01,291,-0.09290396422147751,0.08272697776556015,-0.01278258953243494,-0.3486562669277191
P02,291,-0.027342714369297028,0.17221896350383759,-0.24155360460281372,-0.012693503871560097
P03,291,0.02278454415500164,0.08100496977567673,-0.10291139036417007,0.09026005119085312
P04,291,-0.161436066031456,0.08639893680810928,-0.3194345533847809,-0.2512725591659546
P05,291,0.021974734961986542,0.21039457619190216,-0.257602721452713,0.11313235014677048
P06,291,-0.015731731429696083,0.2358335703611374,-0.11375629901885986,-0.16927246749401093
P07,291,0.05595983564853668,0.2716221809387207,-0.29287198185920715,0.1891293078660965
P08,291,0.02486732415854931,0.16564828157424927,0.011576664634048939,-0.10262297838926315
P09,291,-0.1715451031923294,-0.30508124828338623,-0.030279843136668205,-0.17927421629428864
P01,292,0.3184562623500824,0.42859572172164917,0.3647540807723999,0.16201896965503693
P02,292,0.009488290175795555,0.4974345564842224,-0.48665159940719604,0.017681913450360298
P03,292,0.21520717442035675,0.02267444133758545,0.3236658275127411,0.2992812693119049
P04,292,0.14547261595726013,0.3040691912174225,0.000591746938880533,0.13175690174102783
P05,292,0.041646558791399,-7.578531949548051e-05,0.024567050859332085,0.10044841468334198
P06,292,0.36122557520866394,0.5825967192649841,0.2846164107322693,0.2164635956287384
P07,292,0.2700308859348297,0.6065782308578491,0.27247732877731323,-0.0689629539847374
P08,292,0.06472191959619522,0.16483335196971893,0.26992267370224,-0.24059028923511505
P09,292,0.15467418730258942,0.371039479970932,0.1466146856546402,-0.05363159254193306
P01,293,-0.06054394319653511,0.03150649741292,0.07288391888141632,-0.28602224588394165
P02,293,0.03129717335104942,-0.11482648551464081,0.03718148171901703,0.17153652012348175
P03,293,0.2418772429227829,0.3887953460216522,-0.007816189900040627,0.34465253353118896
P04,293,-0.014444384723901749,-0.08878879994153976,-0.01619374379515648,0.0616493858397007
P05,293,-0.005980595946311951,0.04351798817515373,-0.1683690994977951,0.10690931975841522
P06,293,0.16801035404205322,0.21595169603824615,-0.09807736426591873,0.38615673780441284
P07,293,0.1304778903722763,0.27148905396461487,0.1141890361905098,0.005755607504397631
P08,293,0.11066389083862305,0.062483660876750946,0.12389548122882843,0.14561252295970917
P09,293,0.11991601437330246,-0.005094997119158506,-0.06086478382349014,0.4257078170776367
P01,294,0.19594518840312958,-0.03723149001598358,0.34610557556152344,0.2789614498615265
P02,294,0.19474773108959198,0.3446124494075775,0.05636652931571007,0.18326422572135925
P03,294,0.2341359406709671,0.18747617304325104,0.33669769763946533,0.1782340109348297
P04,294,0.15766654908657074,0.2109685242176056,0.06241128221154213,0.1996198445558548
P05,294,0.3717339038848877,0.22093820571899414,0.4133172333240509,0.4809463322162628
P06,294,0.0957813486456871,0.22269311547279358,0.0576518215239048,0.006999108009040356
P07,294,0.1568373590707779,0.2744928300380707,0.001456699799746275,0.19456253945827484
P08,294,0.11213266104459763,0.19665773212909698,0.002417139243334532,0.13732311129570007
P09,294,0.38760849833488464,0.16484037041664124,0.5273627638816833,0.47062233090400696
P01,295,-0.03306598588824272,0.04057454317808151,-0.04880198463797569,-0.09097051620483398
P02,295,0.1842171996831894,0.45945078134536743,0.265430748462677,-0.17222996056079865
P03,295,0.15556935966014862,-0.012800360098481178,0.24000988900661469,0.2394985407590866
P04,295,0.034348949790000916,0.157085582613945,-0.40464267134666443,0.35060393810272217
P05,295,0.3857294023036957,0.6738960146903992,0.037617579102516174,0.4456746280193329
P06,295,0.12341328710317612,0.3009016811847687,-0.10635993629693985,0.17569811642169952
P07,295,0.3622755706310272,0.4427451491355896,0.3022981584072113,0.34178343415260315
P08,295,0.16073472797870636,0.15795841813087463,-0.013026054948568344,0.3372718095779419
P09,295,0.22412139177322388,0.5405579209327698,0.34706589579582214,-0.2152596116065979
P01,296,0.17886191606521606,0.15712286531925201,0.12277492135763168,0.2566879689693451
P02,296,0.2657642066478729,0.37380507588386536,0.2267615646123886,0.1967260092496872
P03,296,0.1762770265340805,0.19019275903701782,0.32873260974884033,0.00990570429712534
P04,296,0.2274215668439865,0.0714012011885643,0.2055024802684784,0.40536099672317505
P05,296,0.14347736537456512,0.24759289622306824,0.27296188473701477,-0.09012267738580704
P06,296,0.0672164186835289,0.16973035037517548,-0.4329868257045746,0.4649057388305664
P07,296,0.23239149153232574,0.17060111463069916,0.2558918297290802,0.27068156003952026
P08,296,0.32170942425727844,0.20258356630802155,0.28955408930778503,0.47299063205718994
P09,296,0.1450149565935135,0.3556021749973297,0.04545164108276367,0.033991072326898575
P01,297,6.439854769269004e-05,-0.18768396973609924,0.18517370522022247,0.0027034601662307978
P02,297,0.08919800072908401,0.24140675365924835,-0.16131305694580078,0.18750031292438507
P03,297,-0.09079992026090622,-0.10975213348865509,-0.13885170221328735,-0.023795930668711662
P04,297,-0.19447489082813263,-0.1212487444281578,-0.15326067805290222,-0.30891522765159607
P05,297,0.057464707642793655,0.10082559287548065,0.09312574565410614,-0.021557211875915527
P06,297,-0.02674238570034504,-0.0040240841917693615,-0.13724932074546814,0.06104625016450882
P07,297,-0.10462523251771927,-0.09617983549833298,0.1504221260547638,-0.3681179881095886
P08,297,-0.007830485701560974,-0.009250511415302753,-0.11073771864175797,0.09649677574634552
P09,297,0.16567263007164001,0.2224942147731781,0.10519645363092422,0.16932722926139832
P01,298,0.20805960893630981,0.2480592131614685,0.28790223598480225,0.08821740001440048
P02,298,0.1736689954996109,0.1838616579771042,0.09055963903665543,0.2465856820344925
P03,298,0.12649080157279968,0.10331978648900986,0.20264314115047455,0.07350948452949524
P04,298,0.15738236904144287,-0.00830855406820774,0.280398428440094,0.200057253241539
P05,298,-0.017224088311195374,-0.005552514456212521,0.14278307557106018,-0.1889028251171112
P06,298,0.27646419405937195,0.31402385234832764,0.24948473274707794,0.26588404178619385
P07,298,0.2803792953491211,0.33641207218170166,0.42978382110595703,0.07494201511144638
P08,298,0.14528198540210724,0.19480596482753754,0.3181067705154419,-0.0770668014883995
P09,298,0.3172488212585449,0.06813918799161911,0.5007303357124329,0.3828769028186798
P01,299,0.07087677717208862,0.37463709712028503,-0.18843182921409607,0.026425067335367203
P02,299,-0.07771902531385422,0.13038860261440277,-0.08770649880170822,-0.2758391797542572
P03,299,-0.009853472001850605,0.06004329025745392,-0.06920460611581802,-0.020399101078510284
P04,299,-0.1346207708120346,-0.22551406919956207,-0.27210676670074463,0.09375853836536407
P05,299,0.06682685762643814,0.011554162949323654,0.025820335373282433,0.1631060689687729
P06,299,0.11503719538450241,0.3995748460292816,-0.05204041674733162,-0.002422838471829891
P07,299,0.11373624205589294,0.36218246817588806,0.11685246974229813,-0.13782620429992676
P08,299,0.14550568163394928,0.2314216047525406,0.09268715232610703,0.11240831762552261
P09,299,0.18361489474773407,0.22926606237888336,-0.05100548639893532,0.3725840747356415
P01,300,0.1786860227584839,0.03704033046960831,0.46125829219818115,0.037759438157081604
P02,300,0.04822203144431114,-0.24850758910179138,0.11415089666843414,0.27902278304100037
P03,300,0.04133286699652672,0.05218375474214554,0.208747997879982,-0.13693316280841827
P04,300,0.14487434923648834,0.049580346792936325,0.3560551702976227,0.028987567871809006
P05,300,0.0928746834397316,0.25593021512031555,0.03361145779490471,-0.010917603969573975
P06,300,0.08276449888944626,0.11134742200374603,0.2857602834701538,-0.14881423115730286
P07,300,0.20085032284259796,0.2271009236574173,0.09574390202760696,0.2797061502933502
P08,300,-0.039476338773965836,-0.09030106663703918,-0.08566319197416306,0.05753524228930473
P09,300,0.16701345145702362,0.23306626081466675,0.22395727038383484,0.04401677846908569
P01,301,0.04036492481827736,0.0255985539406538,-0.1876886934041977,0.2831849157810211
P02,301,0.12434690445661545,0.025935785844922066,0.39458000659942627,-0.04747509956359863
P03,301,0.006291171535849571,0.2167956829071045,-0.22120095789432526,0.023278789594769478
P04,301,0.14646822214126587,0.10664890706539154,0.251484215259552,0.08127154409885406
P05,301,0.09888016432523727,-0.1057417169213295,0.4187222719192505,-0.016340063884854317
P06,301,0.13686616718769073,0.12753459811210632,0.3840181231498718,-0.10095420479774475
P07,301,0.19858960807323456,0.22752350568771362,0.4001989960670471,-0.03195369988679886
P08,301,0.10976602882146835,0.3077009618282318,0.11081492155790329,-0.08921782672405243
P09,301,-0.028243472799658775,-0.11325211822986603,0.02945977821946144,-0.0009380698320455849
P01,302,-0.06139248609542847,0.026334285736083984,0.10185537487268448,-0.31236711144447327
P02,302,0.10968497395515442,0.17431065440177917,0.1186143308877945,0.036129917949438095
P03,302,0.012644648551940918,0.10686732828617096,-0.12378574162721634,0.054852358996868134
P04,302,0.21556441485881805,0.4593851864337921,0.12128394097089767,0.06602410972118378
P05,302,0.038209691643714905,0.1517922431230545,-0.08786733448505402,0.050704170018434525
P06,302,0.010273948311805725,0.23829787969589233,-0.022282632067799568,-0.18519340455532074
P07,302,0.12355875223875046,0.1082465648651123,-0.02607920952141285,0.28850889205932617
P08,302,-0.013320471160113811,0.29822084307670593,-0.19167551398277283,-0.14650674164295197
P09,302,0.15289585292339325,-0.10494796186685562,0.18578271567821503,0.37785282731056213
P01,303,-0.1583242416381836,0.10537240654230118,-0.23478040099143982,-0.34556472301483154
P02,303,0.01628357730805874,0.02757236920297146,-0.08152821660041809,0.10280657559633255
P03,303,-0.1065819039940834,-0.11532824486494064,-0.05895074084401131,-0.14546671509742737
P04,303,0.035189948976039886,0.25607362389564514,-0.10941111296415329,-0.041092656552791595
P05,303,0.12778736650943756,0.29897820949554443,0.06370321661233902,0.020680656656622887
P06,303,-0.04264256730675697,0.1536714881658554,-0.1476704627275467,-0.13392873108386993
P07,303,0.013517727144062519,-0.24403013288974762,-0.042257461696863174,0.3268407881259918
P08,303,0.09286200255155563,0.1010836511850357,0.16743765771389008,0.010064701549708843
P09,303,0.028637299314141273,0.16397002339363098,0.199708953499794,-0.2777670919895172
P01,304,-0.008189487271010876,0.17702582478523254,-0.23979990184307098,0.03820561617612839
P02,304,0.04044799879193306,0.19502897560596466,-0.30909574031829834,0.23541076481342316
P03,304,0.1661800593137741,0.22738736867904663,0.05672300606966019,0.21442978084087372
P04,304,0.1434803605079651,0.32724371552467346,0.16748981177806854,-0.06429244577884674
P05,304,-0.11851605027914047,-0.12359404563903809,-0.30190277099609375,0.06994866579771042
P06,304,0.146626278758049,0.43789198994636536,0.06313879787921906,-0.06115197762846947
P07,304,0.1941797286272049,0.37401047348976135,-0.04010547697544098,0.2486341893672943
P08,304,0.1574716717004776,0.40772613883018494,-0.03660357743501663,0.10129246860742569
P09,304,0.18563230335712433,0.3856618106365204,0.1401425004005432,0.031092651188373566
P01,305,0.042212750762701035,0.10989920794963837,0.17106536030769348,-0.15432630479335785
P02,305,0.10414912551641464,0.16731217503547668,0.06575284153223038,0.07938236743211746
P03,305,0.018750758841633797,0.05527210980653763,0.020697465166449547,-0.019717300310730934
P04,305,0.14575456082820892,0.1765575408935547,-0.04148591682314873,0.3021920323371887
P05,305,0.16241109371185303,0.18832802772521973,-0.12205871194601059,0.42096397280693054
P06,305,0.10682038217782974,0.2759595811367035,0.19798994064331055,-0.15348835289478302
P07,305,0.07857504487037659,-0.23439794778823853,0.1035853698849678,0.3665377199649811
P08,305,0.014094769954681396,-0.006283184047788382,0.12449190765619278,-0.07592441141605377
P09,305,-0.06568854302167892,0.1188524067401886,-0.12521210312843323,-0.19070592522621155
P01,306,0.03469524160027504,-0.17240510880947113,0.06727315485477448,0.20921768248081207
P02,306,-0.06794019788503647,0.12272939831018448,-0.15976282954216003,-0.16678716242313385
P03,306,-0.05689452961087227,0.05731378495693207,-0.05056960508227348,-0.1774277687072754
P04,306,0.08063232898712158,0.1572861671447754,0.271127849817276,-0.18651703000068665
P05,306,0.21484176814556122,0.34435155987739563,-0.04972458630800247,0.3498982787132263
P06,306,0.1224479153752327,0.2644003927707672,0.1687951683998108,-0.06585180014371872
P07,306,0.04450681805610657,0.12241022288799286,0.14948883652687073,-0.1383785903453827
P08,306,-0.005376762244850397,-0.04590442404150963,0.05188625678420067,-0.02211211994290352
P09,306,0.07767575979232788,-0.025527890771627426,0.22078610956668854,0.03776905685663223
P01,307,-0.16370157897472382,-0.3006633520126343,-0.10321389883756638,-0.08722745627164841
P02,307,-0.0051309578120708466,0.056647349148988724,-0.05151708796620369,-0.020523134618997574
P03,307,-0.19479544460773468,-0.09772416949272156,-0.19612090289592743,-0.29054126143455505
P04,307,-0.0047654882073402405,0.05204470083117485,0.0036854029167443514,-0.07002656906843185
P05,307,0.10066930204629898,0.040965743362903595,-0.05356968939304352,0.31461185216903687
P06,307,0.14775310456752777,0.05899588018655777,0.22543486952781677,0.15882854163646698
P07,307,0.1305571049451828,0.22379042208194733,-0.12679439783096313,0.2946752607822418
P08,307,-0.0337020605802536,-0.1433344930410385,0.03310014307498932,0.009128169156610966
P09,307,0.04051893204450607,-0.12264981865882874,0.13377071917057037,0.11043589562177658
P01,308,-0.01858813874423504,0.12216255068778992,-0.11090419441461563,-0.06702277064323425
P02,308,0.15612304210662842,0.08184944838285446,-0.023171940818428993,0.40969160199165344
P03,308,-0.07171019166707993,-0.2535213828086853,-0.16144011914730072,0.19983094930648804
P04,308,0.09526485204696655,0.19028498232364655,0.001223580096848309,0.0942859873175621
P05,308,0.053210627287626266,0.30181121826171875,-0.01093149185180664,-0.1312478482723236
P06,308,-0.21401099860668182,-0.14302383363246918,-0.11858973652124405,-0.38041940331459045
P07,308,-0.12413520365953445,0.1247091144323349,-0.23039142787456512,-0.26672330498695374
P08,308,-0.03764962777495384,0.21986527740955353,-0.17240428924560547,-0.1604098677635193
P09,308,-0.004215408116579056,0.26653918623924255,-0.2812217175960541,0.0020363072399049997
P01,309,0.05474046990275383,0.03860326483845711,-0.0517784021794796,0.17739653587341309
P02,309,-0.17779026925563812,-0.18991905450820923,-0.09936922043561935,-0.2440825253725052
P03,309,0.09715522080659866,0.07029061764478683,-0.028998536989092827,0.2501735985279083
P04,309,-0.10673600435256958,-0.15919002890586853,0.0797322615981102,-0.240750253200531
P05,309,0.10334751754999161,0.1121722087264061,0.08876581490039825,0.10910453647375107
P06,309,0.05103733018040657,-0.0990661233663559,0.10448949784040451,0.147688627243042
P07,309,-0.10440871864557266,-0.13073505461215973,-0.1990220546722412,0.01653093472123146
P08,309,-0.08893176168203354,-0.3137456476688385,0.04166547581553459,0.005284891463816166
P09,309,-0.026983579620718956,-0.1571064293384552,-0.17750030755996704,0.2536559998989105
P01,310,-0.0812724158167839,-0.03281707689166069,0.011354823596775532,-0.2223549783229828
P02,310,0.01891210675239563,0.24835734069347382,0.14219802618026733,-0.33381906151771545
P03,310,0.13400743901729584,0.21277979016304016,0.15240977704524994,0.03683276101946831
P04,310,-0.11680356413125992,-0.10077991336584091,-0.15083974599838257,-0.09879104048013687
P05,310,-0.02054733969271183,-0.09832842648029327,0.08024298399686813,-0.0435565747320652
P06,310,0.07797052711248398,-0.0565960593521595,-0.002451266860589385,0.29295891523361206
P07,310,0.021694989874958992,0.02999511919915676,-0.1213565319776535,0.15644638240337372
P08,310,0.1035066545009613,-0.02369445562362671,0.3142271935939789,0.01998722553253174
P09,310,0.046028029173612595,-0.09654734283685684,0.1143118143081665,0.12031961977481842
P01,311,0.03291521966457367,-0.20061306655406952,0.13367800414562225,0.16568072140216827
P02,311,0.03277788683772087,-0.06537489593029022,-0.07173417508602142,0.23544272780418396
P03,311,-0.11313460022211075,-0.06242097169160843,-0.17887742817401886,-0.09810539335012436
P04,311,0.06347566097974777,0.20880435407161713,-0.011461082845926285,-0.006916280370205641
P05,311,0.09685099124908447,-0.05967767536640167,0.05818823724985123,0.29204240441322327
P06,311,0.1833723932504654,0.26586273312568665,0.08833726495504379,0.19591718912124634
P07,311,0.09117866307497025,-0.008429884910583496,0.07152640074491501,0.21043948829174042
P08,311,0.13452406227588654,0.24337874352931976,-0.11616511642932892,0.27635854482650757
P09,311,0.07668093591928482,0.13178402185440063,-0.20270195603370667,0.3009607493877411
P01,312,0.2622298300266266,0.04408254846930504,0.20496708154678345,0.537639856338501
P02,312,-0.048370230942964554,-0.18514442443847656,-0.0883680135011673,0.1284017264842987
P03,312,0.08138024061918259,0.1417468637228012,-0.20982365310192108,0.31221750378608704
P04,312,-0.06171588972210884,-0.04975546896457672,0.1400812715291977,-0.2754734754562378
P05,312,0.10644642263650894,0.002531029749661684,-0.02495395392179489,0.3417622148990631
P06,312,0.014408010058104992,0.046812914311885834,0.0039567966014146805,-0.007545681670308113
P07,312,0.008249501697719097,0.0011739770416170359,-0.08745189011096954,0.11102641373872757
P08,312,0.09879881143569946,0.06643395870923996,-0.005899103358387947,0.23586158454418182
P09,312,0.129331573843956,0.17606407403945923,0.18169933557510376,0.030231313779950142
P01,313,0.10057440400123596,-0.17978519201278687,0.33046895265579224,0.15103945136070251
P02,313,0.06195993348956108,-0.021307937800884247,-0.0829150453209877,0.2901027798652649
P03,313,0.06142066791653633,0.2000247985124588,-0.09229514747858047,0.07653234899044037
P04,313,0.11405748128890991,0.17720486223697662,0.035937413573265076,0.12903016805648804
P05,313,-0.10064297169446945,0.043093737214803696,-0.17514194548130035,-0.1698807030916214
P06,313,0.1700979620218277,0.17351633310317993,0.243540421128273,0.09323716163635254
P07,313,0.12279114127159119,0.0965738594532013,0.08031732589006424,0.19148224592208862
P08,313,0.14799585938453674,0.06606410443782806,0.2889932692050934,0.08893021196126938
P09,313,0.09335169941186905,0.31842705607414246,0.17990902066230774,-0.21828097105026245
P01,314,0.06417707353830338,0.024300754070281982,0.09647917002439499,0.07175128906965256
P02,314,0.3755335509777069,0.0869075283408165,0.4094450771808624,0.6302480101585388
P03,314,0.2666150629520416,-0.027972927317023277,0.3318195343017578,0.49599865078926086
P04,314,0.21404099464416504,0.02047290839254856,0.5577542781829834,0.0638958290219307
P05,314,0.33677780628204346,0.2396853119134903,0.6033759713172913,0.16727213561534882
P06,314,0.37281563878059387,0.0034486791118979454,0.5890501737594604,0.5259481072425842
P07,314,0.32423391938209534,0.28792157769203186,0.26028430461883545,0.4244958758354187
P08,314,0.4629729688167572,0.3611658811569214,0.572060227394104,0.45569273829460144
P09,314,0.29130029678344727,0.17061065137386322,0.24477234482765198,0.4585178792476654
P01,315,-0.01617240719497204,0.06613967567682266,-0.06107334792613983,-0.053583547472953796
P02,315,0.019985731691122055,-0.058048080652952194,0.049765221774578094,0.06824005395174026
P03,315,0.20713309943675995,0.05758282169699669,0.355170875787735,0.20864556729793549
P04,315,0.19697706401348114,0.06555431336164474,0.1691460907459259,0.35623079538345337
P05,315,0.10573066025972366,0.30002766847610474,-0.014916406013071537,0.03208072856068611
P06,315,0.15189774334430695,0.2142297476530075,0.016268322244286537,0.22519516944885254
P07,315,0.059554439038038254,-0.012043294496834278,-0.1625160276889801,0.35322263836860657
P08,315,0.11685995012521744,0.22844575345516205,-0.0025422831531614065,0.12467639893293381
P09,315,-0.026673832908272743,0.07614550739526749,-0.11708470433950424,-0.039082303643226624
P01,316,0.11693381518125534,0.37699398398399353,0.014246439561247826,-0.04043898358941078
P02,316,0.25479409098625183,0.3602212369441986,0.2046116143465042,0.19954939186573029
P03,316,0.021087437868118286,0.07450522482395172,0.07286079972982407,-0.08410370349884033
P04,316,0.35927775502204895,0.4580373167991638,0.35218900442123413,0.2676070034503937
P05,316,0.14137786626815796,0.16799594461917877,0.09580982476472855,0.16032780706882477
P06,316,0.07279831916093826,0.15773966908454895,0.031313080340623856,0.029342206194996834
P07,316,0.2051842361688614,0.32087939977645874,0.09998949617147446,0.19468380510807037
P08,316,0.03356579318642616,0.0805153027176857,-0.04397090896964073,0.06415298581123352
P09,316,-0.10424405336380005,-0.3425509035587311,-0.05686682090163231,0.08668556809425354
P01,317,-0.07163939625024796,-0.27490970492362976,-0.17467288672924042,0.23466438055038452
P02,317,0.18114440143108368,0.14475996792316437,0.2654131054878235,0.13326014578342438
P03,317,-0.10052818059921265,-0.049131978303194046,-0.11413897573947906,-0.13831357657909393
P04,317,-0.06936631351709366,0.06536572426557541,-0.08965705335140228,-0.1838076263666153
P05,317,0.21798008680343628,0.40890052914619446,0.2583516538143158,-0.013311896473169327
P06,317,0.15392661094665527,0.09595050662755966,0.265322208404541,0.10050711780786514
P07,317,0.06947609782218933,0.12880340218544006,0.1501747965812683,-0.07054991275072098
P08,317,0.023534832522273064,-0.017388852313160896,0.06986784934997559,0.018125494942069054
P09,317,0.05801418796181679,0.09158429503440857,0.2115652710199356,-0.1291070133447647
P01,318,-0.017176376655697823,-0.04287481680512428,-0.09137825667858124,0.0827239379286766
P02,318,0.020735153928399086,0.06393218785524368,0.020852239802479744,-0.02257896587252617
P03,318,-0.19464389979839325,-0.3092769682407379,-0.05208851397037506,-0.22256621718406677
P04,318,0.06084185838699341,0.24453726410865784,-0.0888960137963295,0.026884309947490692
P05,318,0.054008547216653824,0.33736762404441833,0.03333241119980812,-0.2086743861436844
P06,318,0.11042120307683945,0.16539478302001953,0.06600252538919449,0.09986629337072372
P07,318,0.08077998459339142,0.014230231754481792,0.10785890370607376,0.12025082111358643
P08,318,0.227055624127388,0.27288109064102173,0.13883009552955627,0.2694557011127472
P09,318,0.06461412459611893,0.038687027990818024,0.0978119820356369,0.05734335258603096
P01,319,-0.014897730201482773,-0.07592536509037018,0.0023696119897067547,0.028862562030553818
P02,319,0.06881404668092728,0.2586449980735779,0.09351631999015808,-0.14571918547153473
P03,319,-0.14589689671993256,-0.2391776740550995,-0.18950246274471283,-0.009010558016598225
P04,319,-0.04138324782252312,0.09489290416240692,-0.11397144943475723,-0.10507119446992874
P05,319,0.1371186226606369,0.12532281875610352,0.14566802978515625,0.14036503434181213
P06,319,0.1093764528632164,0.2552546560764313,-0.18078428506851196,0.2536589801311493
P07,319,0.09005443006753922,0.20247602462768555,0.08012362569570541,-0.012436374090611935
P08,319,0.1522960513830185,0.3776390850543976,0.0765661895275116,0.0026829044800251722
P09,319,0.23183996975421906,0.4455567002296448,0.10626314580440521,0.14370009303092957
P01,320,-0.03745005652308464,-0.06838580965995789,0.009278003126382828,-0.053242363035678864
P02,320,0.1720922589302063,0.12702059745788574,0.1981368064880371,0.19111938774585724
P03,320,0.0182232316583395,0.2192317545413971,-0.07718906551599503,-0.08737300336360931
P04,320,0.1205604299902916,0.20042146742343903,0.018898488953709602,0.1423613280057907
P05,320,0.12235019356012344,0.1446903496980667,0.14765256643295288,0.07470767199993134
P06,320,-0.04215088486671448,-0.02428646944463253,-0.16301383078098297,0.060847632586956024
P07,320,-0.16102056205272675,-0.05134991183876991,-0.11571567505598068,-0.31599608063697815
P08,320,0.08571837097406387,0.26151272654533386,0.1270321011543274,-0.13138970732688904
P09,320,0.13174210488796234,0.20082789659500122,0.1740652471780777,0.020333182066679
P01,321,0.05980372428894043,0.20832115411758423,-0.13305731117725372,0.10414732992649078
P02,321,-0.11358831077814102,-0.07413188368082047,-0.09685437381267548,-0.16977865993976593
P03,321,0.06474728137254715,0.283902645111084,0.09049078822135925,-0.18015159666538239
P04,321,0.24868237972259521,0.2429870218038559,0.27398306131362915,0.2290770560503006
P05,321,0.2378072291612625,0.24971075356006622,0.33159780502319336,0.13211317360401154
P06,321,0.2681818902492523,0.1972406655550003,0.16826848685741425,0.4390365481376648
P07,321,0.13698710501194,0.11171967536211014,0.1470445841550827,0.15219707787036896
P08,321,0.2664016783237457,0.47426214814186096,0.22980816662311554,0.09513470530509949
P09,321,-0.12849311530590057,0.10031735897064209,-0.12096212804317474,-0.36483457684516907
P01,322,0.1732238084077835,0.284620463848114,-0.11345527321100235,0.34850627183914185
P02,322,-0.11182639747858047,-0.24229145050048828,-0.30876341462135315,0.21557562053203583
P03,322,-0.0025867584627121687,0.17902684211730957,-0.22380663454532623,0.0370195172727108
P04,322,0.03746631741523743,0.16296567022800446,-0.19072970747947693,0.14016298949718475
P05,322,-0.05473962798714638,-0.015353689901530743,-0.26536381244659424,0.11649860441684723
P06,322,-0.07226406782865524,0.05173363536596298,-0.12162982672452927,-0.14689601957798004
P07,322,-0.03767232224345207,0.04858804866671562,-0.18387454748153687,0.022269533947110176
P08,322,-0.0672563835978508,0.0027677277103066444,-0.09710479527711868,-0.10743208229541779
P09,322,-0.013702139258384705,-0.03725692257285118,-0.23813311755657196,0.23428361117839813
P01,323,0.06137452647089958,0.3139280378818512,-0.023483645170927048,-0.1063208281993866
P02,323,0.15501637756824493,0.04243053123354912,0.2463061511516571,0.17631249129772186
P03,323,-0.03387406840920448,-0.15850231051445007,0.29195863008499146,-0.23507852852344513
P04,323,0.028999535366892815,0.30686089396476746,-0.10515528172254562,-0.11470700055360794
P05,323,-0.08244749903678894,-0.1551053673028946,0.15400569140911102,-0.24624282121658325
P06,323,0.007372021675109863,0.18031729757785797,0.09347141534090042,-0.2516726553440094
P07,323,0.012620851397514343,0.1639186590909958,-0.05341259017586708,-0.07264351844787598
P08,323,-0.08410561084747314,0.09686847031116486,-0.16992951929569244,-0.17925579845905304
P09,323,0.09143846482038498,0.17860768735408783,0.11363125592470169,-0.01792355254292488
P01,324,0.06646829098463058,0.3040408194065094,-0.02861989662051201,-0.07601606845855713
P02,324,0.04027986899018288,0.051178909838199615,0.11290866881608963,-0.043247971683740616
P03,324,-0.0011726667871698737,-0.012401431798934937,0.22128678858280182,-0.21240335702896118
P04,324,0.0475703589618206,-0.059675104916095734,-0.04291003569960594,0.24529621005058289
P05,324,0.08871524780988693,0.10148943960666656,0.08601390570402145,0.07864239066839218
P06,324,-0.010386355221271515,-0.006877507548779249,-0.09774182736873627,0.07346026599407196
P07,324,-0.051159296184778214,-0.14780646562576294,0.12135033309459686,-0.12702175974845886
P08,324,0.15438449382781982,0.13380838930606842,0.17016787827014923,0.15917719900608063
P09,324,0.014762837439775467,-0.2423740029335022,0.2397923469543457,0.046870168298482895
P01,325,0.04250766709446907,0.24851985275745392,-0.037331484258174896,-0.08366537094116211
P02,325,0.07176456600427628,0.28850486874580383,-0.1144203171133995,0.04120916128158569
P03,325,-0.0042390525341033936,0.00372961163520813,-0.163402259349823,0.1469554901123047
P04,325,-0.06628651171922684,0.25636833906173706,-0.1863366812467575,-0.26889118552207947
P05,325,0.07208603620529175,0.28693723678588867,-0.11284910142421722,0.0421699695289135
P06,325,0.1321253627538681,0.3648548722267151,0.07261153310537338,-0.04109032824635506
P07,325,0.1912110596895218,0.5476506352424622,-0.12996886670589447,0.15595144033432007
P08,325,0.17979292571544647,0.16912932693958282,0.198021799325943,0.1722276359796524
P09,325,0.16614855825901031,0.2065381109714508,0.09080766886472702,0.20109987258911133
P01,326,0.08271738141775131,-0.08033038675785065,0.13698942959308624,0.19149309396743774
P02,326,-0.1619335263967514,-0.1983480155467987,-0.22831913828849792,-0.05913345143198967
P03,326,0.06072481349110603,-0.036630358546972275,0.10819144546985626,0.11061335355043411
P04,326,-0.01006233785301447,-0.06008188799023628,0.0009138802415691316,0.02898099273443222
P05,326,-0.0784347727894783,-0.331083208322525,-0.04335273057222366,0.13913162052631378
P06,326,-0.08743616938591003,-0.07478293776512146,-0.1725548654794693,-0.014970703981816769
P07,326,0.04723607376217842,0.12759825587272644,-0.08234398812055588,0.096453957259655
P08,326,-0.021127784624695778,-0.027221668511629105,0.17198893427848816,-0.20815062522888184
P09,326,-0.01288334559649229,-0.020637789741158485,0.11214973777532578,-0.13016198575496674
P01,327,0.026689836755394936,0.18678125739097595,0.21793897449970245,-0.32465073466300964
P02,327,-0.17169569432735443,0.07419629395008087,-0.137857124209404,-0.451426237821579
P03,327,-0.056243833154439926,-0.15902088582515717,0.001780217862688005,-0.011490819975733757
P04,327,0.1009911596775055,0.29723912477493286,0.09067870676517487,-0.08494434505701065
P05,327,0.17328302562236786,0.23916901648044586,0.4352855086326599,-0.15460547804832458
P06,327,0.06969497352838516,0.3774407207965851,0.032135143876075745,-0.20049095153808594
P07,327,0.033241938799619675,0.1293906718492508,0.014250981621444225,-0.04391583427786827
P08,327,-0.0008495067595504224,0.00017565091548021883,-0.005322663113474846,0.002598492195829749
P09,327,0.023055126890540123,0.27776584029197693,-0.19159017503261566,-0.017010288313031197
P01,328,0.03701113164424896,0.22742372751235962,-0.07024747878313065,-0.046142857521772385
P02,328,0.16757482290267944,0.08700978010892868,0.30557289719581604,0.11014176905155182
P03,328,-0.027949025854468346,-0.05955882743000984,-0.004115678835660219,-0.020172564312815666
P04,328,0.012321789748966694,-0.008591506630182266,0.18825598061084747,-0.14269910752773285
P05,328,0.04338505491614342,0.009361838921904564,0.15659956634044647,-0.035806238651275635
P06,328,0.053564947098493576,0.022661276161670685,0.06570937484502792,0.07232419401407242
P07,328,0.11523892730474472,0.23669956624507904,-0.04227915778756142,0.15129634737968445
P08,328,0.06807199120521545,-0.026176396757364273,0.05123531073331833,0.1791570633649826
P09,328,0.10018327087163925,0.000734353088773787,0.10612718015909195,0.1936882585287094
P01,329,0.10915999859571457,0.08010242134332657,0.21428081393241882,0.03309677168726921
P02,329,-0.021333495154976845,0.16635914146900177,-0.009790273383259773,-0.22056935727596283
P03,329,-0.03339407593011856,-0.026420030742883682,-0.09837190061807632,0.024609707295894623
P04,329,-0.07310774177312851,-0.23036488890647888,-0.05496992543339729,0.06601160764694214
P05,329,0.03885069489479065,-0.15040628612041473,-0.11957190185785294,0.3865302801132202
P06,329,-0.01806429587304592,-0.05540640279650688,0.009506301023066044,-0.008292782120406628
P07,329,0.11679323762655258,-0.03706175461411476,-0.001307543134316802,0.38874900341033936
P08,329,0.04047209024429321,-0.1425548940896988,0.01567670702934265,0.24829445779323578
P09,329,-0.008965685963630676,0.18292111158370972,-0.4053630232810974,0.19554485380649567
P01,330,-0.24513624608516693,-0.12110008299350739,-0.2756296396255493,-0.3386790156364441
P02,330,0.10645828396081924,0.10268988460302353,0.16170498728752136,0.05497997626662254
P03,330,0.05059849098324776,0.24934212863445282,0.06564614921808243,-0.16319280862808228
P04,330,0.03805822134017944,0.034398917108774185,0.07706885039806366,0.0027069011703133583
P05,330,0.040313202887773514,-0.019567083567380905,0.18545302748680115,-0.044946327805519104
P06,330,-0.027150429785251617,0.028895338997244835,-0.19311581552028656,0.08276919275522232
P07,330,0.06660673767328262,-0.0438658781349659,0.28206929564476013,-0.03838319331407547
P08,330,0.0727137103676796,-0.0925757959485054,0.0986097902059555,0.21210715174674988
P09,330,0.1816033124923706,0.2646743357181549,0.12603190541267395,0.15410371124744415
P01,331,-0.002121344208717346,0.23130030930042267,-0.02362562157213688,-0.21403871476650238
P02,331,-0.03355996683239937,0.23886187374591827,-0.21420472860336304,-0.12533704936504364
P03,331,0.17591433227062225,0.0038392008282244205,0.28649070858955383,0.23741309344768524
P04,331,0.058028221130371094,0.0909632220864296,0.0696927085518837,0.013428728096187115
P05,331,0.1696641892194748,-0.0026839335914701223,0.0892719030380249,0.42240458726882935
P06,331,0.10741868615150452,-0.046833548694849014,0.12981179356575012,0.23927780985832214
P07,331,0.037405144423246384,0.2078506201505661,0.06831209361553192,-0.16394728422164917
P08,331,-0.09238538146018982,-0.041442155838012695,-0.1665680706501007,-0.06914591789245605
P09,331,0.019889425486326218,0.1255805343389511,-0.01617894507944584,-0.04973331466317177
P01,332,-0.02254100702702999,0.29566124081611633,0.007765903137624264,-0.3710501492023468
P02,332,-0.05241145193576813,0.0865277349948883,-0.22562043368816376,-0.01814165897667408
P03,332,0.0538039393723011,0.1344054490327835,0.09252198785543442,-0.06551561504602432
P04,332,0.031320806592702866,0.05529853329062462,0.1437252163887024,-0.10506133735179901
P05,332,-0.07169664651155472,-0.17128786444664001,-0.04868196323513985,0.004879896063357592
P06,332,-0.13077636063098907,-0.1805921345949173,-0.050772182643413544,-0.16096480190753937
P07,332,0.09547638893127441,0.06351521611213684,0.12783868610858917,0.09507527202367783
P08,332,0.015310687012970448,-0.02693910524249077,-0.02242514118552208,0.09529630839824677
P09,332,-0.07895484566688538,-0.0854152962565422,0.057363953441381454,-0.20881319046020508
P01,333,0.06040992960333824,0.09707339107990265,0.044716134667396545,0.03944025933742523
P02,333,-0.039329126477241516,0.1330830603837967,-0.02742561511695385,-0.22364482283592224
P03,333,0.07463274151086807,0.12753206491470337,-0.031505223363637924,0.12787139415740967
P04,333,-0.025918306782841682,0.10670018196105957,-0.031107043847441673,-0.15334805846214294
P05,333,0.05152015760540962,-0.07787377387285233,0.20409129559993744,0.02834296226501465
P06,333,-0.02315322495996952,-0.3392261564731598,0.1356929987668991,0.13407348096370697
P07,333,0.13517500460147858,0.07842472195625305,0.21389850974082947,0.11320177465677261
P08,333,-0.028391249477863312,-0.016150547191500664,-0.06796218454837799,-0.0010610143654048443
P09,333,0.10313772410154343,0.014039846137166023,0.2167702168226242,0.078603096306324
P01,334,0.02947124093770981,-0.18039287626743317,0.11756961792707443,0.15123698115348816
P02,334,-0.07306429743766785,0.0032021005172282457,-0.2206525206565857,-0.0017424662364646792
P03,334,-0.09893020987510681,-0.30600544810295105,0.04534158483147621,-0.03612677380442619
P04,334,0.1808457225561142,0.0741037055850029,0.06724179536104202,0.4011916518211365
P05,334,-0.05723647400736809,-0.16118580102920532,-0.08310101926326752,0.07257740944623947
P06,334,0.07217421382665634,-0.0008468170999549329,0.1249583438038826,0.092411108314991
P07,334,0.12836603820323944,-0.017184048891067505,0.0792495384812355,0.3230326473712921
P08,334,0.054219719022512436,0.045063477009534836,0.15472275018692017,-0.03712707385420799
P09,334,0.0008344985544681549,0.13463759422302246,-0.09479311108589172,-0.03734098747372627
P01,335,-0.03193703293800354,-0.17164328694343567,0.15774068236351013,-0.08190849423408508
P02,335,0.040834974497556686,0.051166094839572906,0.17723049223423004,-0.10589167475700378
P03,335,0.08911377936601639,0.027440039440989494,0.14204801619052887,0.09785329550504684
P04,335,-0.0526263453066349,-0.11916519701480865,0.2652217149734497,-0.30393555760383606
P05,335,0.16262756288051605,0.009469477459788322,0.409326434135437,0.06908676028251648
P06,335,-0.021348677575588226,0.03762778267264366,-0.13054250180721283,0.02886868268251419
P07,335,0.04317682608962059,0.18290205299854279,0.11621715128421783,-0.16958872973918915
P08,335,0.03277181461453438,0.05494934320449829,0.2586413025856018,-0.21527519822120667
P09,335,0.04059487208724022,0.1932733654975891,0.17120568454265594,-0.2426944524049759
P01,336,0.21813707053661346,0.05907689779996872,0.2869018018245697,0.3084324896335602
P02,336,0.11848767846822739,-0.012421635910868645,0.29103800654411316,0.0768466666340828
P03,336,0.296298086643219,0.17601130902767181,0.37595075368881226,0.3369321823120117
P04,336,0.08728992938995361,-0.04478524625301361,0.41081538796424866,-0.1041603609919548
P05,336,-0.1399177461862564,0.05163552984595299,-0.017767436802387238,-0.45362135767936707
P06,336,0.07454252243041992,0.02777129039168358,0.012535568326711655,0.18332071602344513
P07,336,0.06432342529296875,-0.07162924855947495,0.058388806879520416,0.20621071755886078
P08,336,-0.09835696220397949,-0.3483598828315735,0.03101782128214836,0.02227117493748665
P09,336,0.08145489543676376,0.1291802078485489,-0.12514051795005798,0.2403249889612198
P01,337,0.08723726123571396,0.1274845004081726,0.02964705042541027,0.10458023846149445
P02,337,0.02723410539329052,0.1269441545009613,-0.17019765079021454,0.12495581060647964
P03,337,0.046668022871017456,0.13469871878623962,-0.24122868478298187,0.24653403460979462
P04,337,-0.097502700984478,-0.26070383191108704,-0.17898108065128326,0.1471768319606781
P05,337,0.1620609164237976,0.1162998378276825,0.1187463030219078,0.2511366009712219
P06,337,0.13246992230415344,-0.01489268895238638,0.3239983916282654,0.0883040651679039
P07,337,0.146142840385437,0.1441957801580429,-0.019624877721071243,0.3138576149940491
P08,337,-0.07783939689397812,0.1496884524822235,-0.19065572321414948,-0.1925509124994278
P09,337,0.05455350503325462,0.1159241646528244,-0.2579481303691864,0.30568447709083557
P01,338,-0.01664700172841549,-0.10375352948904037,-0.06858741492033005,0.1223999410867691
P02,338,0.007497761398553848,0.04227759689092636,-0.024570876732468605,0.004786563105881214
P03,338,-0.21136005222797394,-0.005937726236879826,-0.27260854840278625,-0.3555338680744171
P04,338,-0.014924098737537861,-0.16611900925636292,-0.02333260327577591,0.14467930793762207
P05,338,-0.1139979287981987,-0.04112021252512932,-0.22340883314609528,-0.07746472209692001
P06,338,0.18267150223255157,-0.022365575656294823,0.25721555948257446,0.31316453218460083
P07,338,-0.014752368442714214,0.055318012833595276,0.13095340132713318,-0.23052851855754852
P08,338,0.021303027868270874,-0.07502254098653793,0.04728564992547035,0.0916459709405899
P09,338,0.0634242370724678,0.08044306188821793,0.17103320360183716,-0.061203546822071075
P01,339,0.07011523097753525,0.039832863956689835,0.03813983500003815,0.13237300515174866
P02,339,-0.01289089024066925,-0.23511813580989838,0.18332324922084808,0.01312221772968769
P03,339,0.12520422041416168,0.015836333855986595,-0.018726952373981476,0.3785032629966736
P04,339,0.10428682714700699,-0.18968874216079712,0.2668745815753937,0.2356746345758438
P05,339,-0.08170785754919052,0.014664148911833763,-0.020691338926553726,-0.23909638822078705
P06,339,0.0470651350915432,-0.06881840527057648,0.04459680989384651,0.16541700065135956
P07,339,-0.03053736500442028,0.09649534523487091,-0.05456077307462692,-0.13354666531085968
P08,339,0.15544633567333221,0.24458497762680054,0.2630504071712494,-0.041296377778053284
P09,339,0.06557272374629974,-0.07733403891324997,0.3668120205402374,-0.09275980293750763
P01,340,0.29500582814216614,0.3608347475528717,0.2665753662586212,0.2576073408126831
P02,340,0.10815516114234924,0.09277839958667755,0.019165141507983208,0.21252194046974182
P03,340,0.017528148368000984,-0.11560116708278656,0.16170917451381683,0.006476436275988817
P04,340,0.14956918358802795,0.27813994884490967,-0.029718788340687752,0.2002863883972168
P05,340,0.1789608746767044,0.2941066324710846,-0.2525217831134796,0.49529775977134705
P06,340,0.06783724576234818,0.0689346119761467,-0.0024914045352488756,0.13706852495670319
P07,340,0.05085967481136322,-0.01928635872900486,-0.13895322382450104,0.310818612575531
P08,340,0.13847266137599945,0.14164559543132782,-0.07753504067659378,0.3513074219226837
P09,340,-0.11422673612833023,-0.1686030924320221,-0.11493280529975891,-0.05914431810379028
P01,341,0.07675454765558243,0.24153675138950348,0.1593700796365738,-0.17064319550991058
P02,341,-0.025977393612265587,0.4203236997127533,-0.4021207094192505,-0.09613516926765442
P03,341,0.10410026460886002,0.4503414034843445,-0.20851467549800873,0.07047408074140549
P04,341,0.046619173139333725,0.16458673775196075,0.029924536123871803,-0.05465376377105713
P05,341,0.2099967747926712,0.4228385388851166,0.1421595960855484,0.06499218940734863
P06,341,0.23410047590732574,0.2897748053073883,-0.08155255764722824,0.49407920241355896
P07,341,-0.01592661440372467,0.2160910815000534,0.02432098798453808,-0.28819191455841064
P08,341,0.024079158902168274,-0.009054478257894516,-0.08194722980260849,0.16323918104171753
P09,341,0.015140630304813385,0.06613276898860931,-0.1316951960325241,0.11098431795835495
P01,342,0.020772377029061317,-0.13783366978168488,-0.02261172980070114,0.22276252508163452
P02,342,0.10944008827209473,0.08934079855680466,0.19443418085575104,0.04454530030488968
P03,342,0.041513800621032715,0.16409185528755188,0.14037688076496124,-0.17992734909057617
P04,342,0.01959049701690674,-0.1560395061969757,-0.10842401534318924,0.32323500514030457
P05,342,0.22089235484600067,0.25311240553855896,0.14669276773929596,0.2628718912601471
P06,342,0.056944865733385086,0.12915471196174622,0.13731631636619568,-0.09563643485307693
P07,342,0.22742389142513275,0.15264663100242615,0.3368002772331238,0.19282473623752594
P08,342,0.10019472241401672,0.23475360870361328,0.12424945086240768,-0.05841890349984169
P09,342,0.21847449243068695,0.06730686128139496,0.36131465435028076,0.22680193185806274
P01,343,0.07071854174137115,0.041407860815525055,0.11116472631692886,0.05958303436636925
P02,343,0.01250461582094431,0.22425882518291473,-0.1396791785955429,-0.047065798193216324
P03,343,0.14530454576015472,0.2434820532798767,0.16350407898426056,0.028927501291036606
P04,343,0.12374001741409302,0.19316835701465607,0.024822259321808815,0.15322943031787872
P05,343,0.04238751530647278,0.054559964686632156,0.012599070556461811,0.060003504157066345
P06,343,0.09057196974754333,0.0002832213940564543,0.3474656343460083,-0.07603294402360916
P07,343,0.10636526346206665,0.22061023116111755,0.08209473639726639,0.01639081910252571
P08,343,0.06414264440536499,0.209405317902565,0.17963965237140656,-0.1966170370578766
P09,343,0.04613066092133522,0.06423597037792206,0.13208816945552826,-0.05793214961886406
P01,344,0.0923912525177002,-0.023865671828389168,-0.19209647178649902,0.49313589930534363
P02,344,0.1693316549062729,0.19079355895519257,0.13120035827159882,0.1860010176897049
P03,344,0.20754913985729218,0.15158888697624207,0.21211732923984528,0.2589412033557892
P04,344,0.23192985355854034,0.29503974318504333,0.11984855681657791,0.2809012830257416
P05,344,-0.026660054922103882,-0.18130968511104584,-0.24146653711795807,0.34279605746269226
P06,344,0.1523461788892746,0.16787630319595337,0.3639944791793823,-0.07483223080635071
P07,344,0.05590692535042763,0.14084401726722717,0.21538826823234558,-0.18851150572299957
P08,344,0.12298508733510971,0.18501168489456177,-0.011270719580352306,0.19521428644657135
P09,344,0.17924945056438446,0.23364005982875824,0.09180638194084167,0.21230189502239227
P01,345,0.10884997993707657,0.248036190867424,0.11676769703626633,-0.03825393691658974
P02,345,0.0750197321176529,0.1746903955936432,0.17728231847286224,-0.12691350281238556
P03,345,0.011375407688319683,-0.13689705729484558,0.029753567650914192,0.141269713640213
P04,345,0.09890966862440109,0.19745151698589325,0.17634150385856628,-0.07706400752067566
P05,345,0.1766398698091507,0.1305091232061386,0.39781245589256287,0.0015980800380930305
P06,345,0.041415728628635406,0.15781496465206146,0.036019835621118546,-0.06958761066198349
P07,345,0.03621920570731163,0.0526704378426075,-0.01697777397930622,0.07296495139598846
P08,345,-0.014847424812614918,0.04133070632815361,0.03309685364365578,-0.11896983534097672
P09,345,0.0021670155692845583,-0.004485805984586477,0.027108635753393173,-0.01612178236246109
P01,346,-0.12192714959383011,-0.0966423824429512,-0.1720474809408188,-0.09709157794713974
P02,346,-0.014266903512179852,-0.2099965363740921,0.424676775932312,-0.2574809491634369
P03,346,-0.10517402738332748,-0.03770022094249725,0.11440205574035645,-0.39222389459609985
P04,346,-0.07145210355520248,0.23925575613975525,-0.405862420797348,-0.04774964973330498
P05,346,-0.1764497309923172,-0.19486474990844727,-0.1739937961101532,-0.16049064695835114
P06,346,0.09118115901947021,0.10795720666646957,0.20435574650764465,-0.03876947611570358
P07,346,-0.010562355630099773,0.15510253608226776,0.0230084378272295,-0.20979803800582886
P08,346,0.12254587560892105,0.172921821475029,0.2873328626155853,-0.09261702001094818
P09,346,-0.07037778943777084,0.24453677237033844,-0.17230209708213806,-0.2833680510520935
P01,347,0.19037556648254395,0.26959002017974854,-0.014281733892858028,0.3158183693885803
P02,347,0.022796377539634705,0.049872227013111115,-0.181409552693367,0.1999264508485794
P03,347,0.27407169342041016,0.4336414337158203,0.18522192537784576,0.2033517062664032
P04,347,0.2605675160884857,0.3245958387851715,0.06563690304756165,0.3914698362350464
P05,347,0.21058708429336548,0.39357393980026245,0.014559674076735973,0.22362762689590454
P06,347,0.20570366084575653,0.4750160872936249,-0.0465850792825222,0.18867996335029602
P07,347,0.2575979232788086,0.3934197723865509,-0.09067411720752716,0.47004812955856323
P08,347,-0.05830277130007744,0.16244269907474518,-0.2768460512161255,-0.06050495430827141
P09,347,0.06766226142644882,0.10058920085430145,0.179850772023201,-0.07745318114757538
P01,348,-0.04288892075419426,0.16851727664470673,0.10656698793172836,-0.403751015663147
P02,348,0.035291288048028946,-0.03474945202469826,0.19317947328090668,-0.05255616083741188
P03,348,-0.13670401275157928,-0.18349751830101013,-0.23252277076244354,0.005908227059990168
P04,348,0.13033153116703033,0.13578581809997559,0.35895878076553345,-0.10374997556209564
P05,348,-0.11049386113882065,-0.20361821353435516,-0.0035484631080180407,-0.12431488931179047
P06,348,0.04075437784194946,0.23917222023010254,-0.09593856334686279,-0.020970525220036507
P07,348,0.03240266442298889,0.08618155121803284,0.06460879743099213,-0.05358235910534859
P08,348,-0.0980156660079956,0.16606827080249786,-0.021960556507110596,-0.4381547272205353
P09,348,0.06407789140939713,0.00911934394389391,0.14534473419189453,0.037769582122564316
P01,349,-0.0639883354306221,0.09810400009155273,-0.04506320506334305,-0.245005801320076
P02,349,0.0051352656446397305,-0.05672360956668854,0.00233725318685174,0.06979215145111084
P03,349,0.16496163606643677,-0.030496418476104736,0.288402259349823,0.23697905242443085
P04,349,0.028928058221936226,0.05773874372243881,-0.01304506417363882,0.04209049791097641
P05,349,-0.02202640473842621,0.019965769723057747,-0.24091936647891998,0.15487438440322876
P06,349,0.21456284821033478,0.12636038661003113,0.3127545118331909,0.20457366108894348
P07,349,0.06649402529001236,0.005992261692881584,0.03897152468562126,0.15451829135417938
P08,349,0.07327138632535934,-0.04438253119587898,0.0572739876806736,0.20692269504070282
P09,349,-0.006447846535593271,0.11483559757471085,-0.25675132870674133,0.12257219851016998
P01,350,0.08515428751707077,0.20269277691841125,0.22727109491825104,-0.17450103163719177
P02,350,-0.02039572410285473,0.014021881856024265,-0.05065573751926422,-0.024553317576646805
P03,350,0.0721968486905098,0.39008697867393494,0.073188915848732,-0.24668535590171814
P04,350,0.17921572923660278,0.2353736311197281,0.17684899270534515,0.1254245489835739
P05,350,-0.09138736128807068,-0.13273991644382477,-0.06100230664014816,-0.0804198682308197
P06,350,0.08995288610458374,-0.015455245971679688,0.17581142485141754,0.10950247198343277
P07,350,0.16875161230564117,0.002713231137022376,0.14952801167964935,0.3540136218070984
P08,350,0.0819595530629158,0.14755500853061676,0.1121465191245079,-0.013822857290506363
P09,350,0.05489291623234749,0.2513933777809143,-0.45312029123306274,0.3664056658744812
P01,351,0.060084614902734756,0.1940435767173767,0.010297487489879131,-0.024087226018309593
P02,351,-0.1505894511938095,-0.05652761459350586,-0.1813625544309616,-0.21387818455696106
P03,351,-0.14081554114818573,-0.18965667486190796,0.03828805312514305,-0.2710779905319214
P04,351,0.057435933500528336,0.151576429605484,0.04145669937133789,-0.020725328475236893
P05,351,-0.16589243710041046,-0.03891158849000931,-0.41370946168899536,-0.04505625739693642
P06,351,0.08340728282928467,0.180637925863266,-0.1260528415441513,0.19563676416873932
P07,351,-0.03785928711295128,-0.0031443992629647255,-0.11671622842550278,0.006282762624323368
P08,351,0.09959300607442856,0.14030875265598297,0.1003115326166153,0.05815872177481651
P09,351,-0.009575977921485901,0.14490801095962524,-0.008509786799550056,-0.16512615978717804
P01,352,0.13591907918453217,0.3129734694957733,0.2034560590982437,-0.10867229104042053
P02,352,0.2707618176937103,0.44413140416145325,0.0487063005566597,0.319447785615921
P03,352,0.02458433248102665,0.06203647330403328,0.032388702034950256,-0.02067217230796814
P04,352,0.028544165194034576,0.10121377557516098,0.05966769903898239,-0.07524897903203964
P05,352,0.15983593463897705,0.4772792160511017,0.14800921082496643,-0.14578063786029816
P06,352,0.2022770196199417,0.3875313997268677,0.06752729415893555,0.15177235007286072
P07,352,0.0727408304810524,0.4238860309123993,-0.09810174256563187,-0.10756181180477142
P08,352,0.1765587329864502,0.5218238830566406,0.15999431908130646,-0.1521419882774353
P09,352,0.0982346311211586,0.554230809211731,-0.09051444381475449,-0.16901245713233948
P01,353,0.05207580327987671,0.39228197932243347,-0.18493852019309998,-0.05111604183912277
P02,353,0.1934308409690857,0.45471301674842834,0.07754398137331009,0.04803549498319626
P03,353,0.18125826120376587,0.4053003191947937,0.1722736656665802,-0.03379922732710838
P04,353,0.019796647131443024,0.2811852693557739,-0.24690765142440796,0.025112323462963104
P05,353,0.2071220427751541,0.464226096868515,0.10249633342027664,0.054643671959638596
P06,353,0.1863977164030075,0.4031224548816681,0.17695944011211395,-0.02088875137269497
P07,353,0.07065106928348541,0.32288774847984314,0.13345438241958618,-0.24438892304897308
P08,353,0.13571755588054657,0.3328033685684204,0.14713849127292633,-0.07278919219970703
P09,353,0.14505049586296082,0.28330695629119873,0.035122234374284744,0.11672227829694748
P01,354,-0.04499334096908569,-0.012618410401046276,-0.22799715399742126,0.10563553124666214
P02,354,0.033530399203300476,0.329245001077652,0.017629427835345268,-0.24628321826457977
P03,354,-0.017330927774310112,0.2343427538871765,-0.2022600769996643,-0.0840754583477974
P04,354,0.042620450258255005,0.09065783768892288,-0.05404087156057358,0.09124439209699631
P05,354,0.16009734570980072,0.0290305707603693,0.19076849520206451,0.2604929804801941
P06,354,0.04459278658032417,0.1471380591392517,-0.0714414119720459,0.05808171257376671
P07,354,0.08055061101913452,0.42676156759262085,0.08153077960014343,-0.26664048433303833
P08,354,0.11155983060598373,0.433447003364563,0.007410041522234678,-0.10617755353450775
P09,354,0.14823143184185028,0.33386749029159546,0.20884421467781067,-0.09801743924617767
P01,355,0.08538255840539932,-0.03827979415655136,0.3208239674568176,-0.02639647386968136
P02,355,0.030685588717460632,0.0298905186355114,0.0031720439437776804,0.05899420753121376
P03,355,0.12571892142295837,0.06957975775003433,0.2708755433559418,0.03670147433876991
P04,355,-0.017001232132315636,0.06179697439074516,0.022156095132231712,-0.13495676219463348
P05,355,0.041978880763053894,0.04048287123441696,0.054403748363256454,0.031050030142068863
P06,355,0.017981894314289093,0.11142471432685852,0.0577944740653038,-0.11527351289987564
P07,355,0.18324552476406097,0.09894604980945587,0.4148327708244324,0.03595774993300438
P08,355,0.10233471542596817,-0.02201191522181034,0.18104128539562225,0.14797477424144745
P09,355,0.18551677465438843,0.07958418875932693,0.2170899659395218,0.25987616181373596
P01,356,0.11334458738565445,0.13682618737220764,0.2599462866783142,-0.05673869699239731
P02,356,0.028034167364239693,-0.07828876376152039,0.2285359501838684,-0.0661446824669838
P03,356,-0.028078267350792885,0.123475082218647,0.07844161987304688,-0.2861514985561371
P04,356,-0.0061813294887542725,0.36535969376564026,-0.0033302188385277987,-0.38057345151901245
P05,356,0.12571917474269867,0.11911828815937042,0.2512427568435669,0.006796479225158691
P06,356,0.22196312248706818,0.20920953154563904,0.31535691022872925,0.14132298529148102
P07,356,0.3353760242462158,0.3142983019351959,0.4826302230358124,0.20919951796531677
P08,356,0.1910388022661209,0.03198063746094704,0.29526394605636597,0.24587185680866241
P09,356,0.16080279648303986,0.03732722997665405,0.1258254051208496,0.3192557394504547
P01,357,0.14491064846515656,0.0024897614493966103,0.03924999758601189,0.39299219846725464
P02,357,-0.03669673576951027,-0.04781237617135048,0.13441823422908783,-0.19669607281684875
P03,357,0.008652682416141033,0.09509612619876862,-0.1978430449962616,0.1287049651145935
P04,357,-0.1461784690618515,-0.3710208237171173,-0.12075261026620865,0.053238000720739365
P05,357,0.032834988087415695,0.1375245451927185,-0.37155410647392273,0.332534521818161
P06,357,-0.19781135022640228,-0.3188607394695282,-0.03682414069771767,-0.23774917423725128
P07,357,0.018816763535141945,0.020499054342508316,-0.04302124306559563,0.0789724811911583
P08,357,0.08614462614059448,-0.05089952051639557,0.15802600979804993,0.1513073742389679
P09,357,-0.050405144691467285,-0.20584557950496674,-0.25363889336586,0.30826902389526367
P01,358,-0.007647236343473196,-0.0738295465707779,0.13147740066051483,-0.08058956265449524
P02,358,0.08381229639053345,-0.10163941234350204,0.14919839799404144,0.20387789607048035
P03,358,-0.15377755463123322,-0.20578409731388092,-0.15023024380207062,-0.1053183376789093
P04,358,-0.14396804571151733,-0.000360403471859172,-0.16961614787578583,-0.26192760467529297
P05,358,-0.07024753838777542,-0.20066671073436737,-0.015011179260909557,0.004935274366289377
P06,358,0.11018102616071701,-0.013730148784816265,0.3244469463825226,0.019826268777251244
P07,358,0.08653512597084045,0.05507418140769005,0.046132028102874756,0.15839916467666626
P08,358,0.008014674298465252,-0.09428250789642334,0.2844668924808502,-0.1661403626203537
P09,358,-0.023188689723610878,-0.1384984403848648,-0.21972200274467468,0.2886543869972229
P01,359,-0.06591060757637024,0.03138754889369011,-0.17708252370357513,-0.05203684791922569
P02,359,-0.060396257787942886,-0.11118464916944504,-0.06414055079221725,-0.005863572936505079
P03,359,-0.039578888565301895,0.3316193222999573,-0.23106138408184052,-0.21929460763931274
P04,359,-0.24366705119609833,-0.3428882360458374,-0.300331711769104,-0.08778118342161179
P05,359,-0.05435033515095711,-0.1210603341460228,-0.010230409912765026,-0.03176025673747063
P06,359,0.021873347461223602,0.21117252111434937,-0.1053897887468338,-0.04016268998384476
P07,359,0.13131219148635864,0.07974589616060257,0.12069442123174667,0.1934962421655655
P08,359,0.021907523274421692,0.10209670662879944,-0.18316631019115448,0.14679217338562012
P09,359,0.09822052717208862,0.15240268409252167,0.246182382106781,-0.1039234921336174
P01,360,-0.004758313298225403,-0.18205219507217407,0.23035961389541626,-0.0625823587179184
P02,360,0.05613304674625397,0.11401651054620743,0.061712075024843216,-0.007329448126256466
P03,360,0.08764369040727615,-0.11940887570381165,0.09245451539754868,0.28988543152809143
P04,360,-0.04296959936618805,-0.15393027663230896,-0.0612795315682888,0.08630101382732391
P05,360,-0.012862850911915302,-0.1326254904270172,-0.0993141308426857,0.19335106015205383
P06,360,0.1737508326768875,0.24450652301311493,0.054670851677656174,0.22207513451576233
P07,360,-0.15438474714756012,0.13384702801704407,0.06170964241027832,-0.6587108969688416
P08,360,0.05303643271327019,0.05155746638774872,-0.08698074519634247,0.194532573223114
P09,360,0.04419184848666191,-0.03187444061040878,0.04148871824145317,0.12296126782894135
P01,361,0.20431147515773773,-0.02958352118730545,0.3261653482913971,0.31635257601737976
P02,361,0.22375202178955078,0.14479884505271912,0.3111899197101593,0.21526727080345154
P03,361,0.08719327300786972,0.027467407286167145,0.0030642589554190636,0.23104813694953918
P04,361,0.14381472766399384,0.00863377284258604,0.31371137499809265,0.10909901559352875
P05,361,0.14138197898864746,0.1232881024479866,0.33918675780296326,-0.038328900933265686
P06,361,0.028509557247161865,-0.033066608011722565,0.2718486189842224,-0.15325334668159485
P07,361,0.21124230325222015,0.2128138393163681,0.3338618576526642,0.08705119788646698
P08,361,0.08857198804616928,-0.0025529006961733103,0.18361018598079681,0.0846586525440216
P09,361,0.2009444236755371,0.1435670256614685,0.2608546316623688,0.19841159880161285
P01,362,0.025953421369194984,0.17379464209079742,-0.20162197947502136,0.10568760335445404
P02,362,0.037877511233091354,0.2926715910434723,0.08859599381685257,-0.2676350474357605
P03,362,0.025379447266459465,0.06923108547925949,-0.09093686193227768,0.09784411638975143
P04,362,-0.016093114390969276,-0.08015669137239456,-0.15210272371768951,0.1839800775051117
P05,362,0.03730909898877144,0.182151660323143,0.08282925188541412,-0.15305361151695251
P06,362,-0.11849793046712875,-0.16698352992534637,-0.18115665018558502,-0.007353595923632383
P07,362,0.12810774147510529,0.1401042938232422,0.02120389975607395,0.22301501035690308
P08,362,0.08204701542854309,0.1858486831188202,-0.06508883088827133,0.125381201505661
P09,362,-0.08497849851846695,-0.17127463221549988,-0.003944357391446829,-0.0797165185213089
